"file_name","pelvis_average_height","solar_plexus_average_height","wrist_left_average_height","wrist_right_average_height","pelvis_sd_height","solar_plexus_sd_height","wrist_left_sd_height","wrist_right_sd_height","pelvis_min_height","solar_plexus_min_height","wrist_left_min_height","wrist_right_min_height","pelvis_max_height","solar_plexus_max_height","wrist_left_max_height","wrist_right_max_height","pelvis_avg_distance_moved","pelvis_sd_distance_moved","pelvis_min_distance_moved","pelvis_max_distance_moved","pelvis_avg_velocity_magnitude","solar_plexus_avg_velocity_magnitude","wrist_left_avg_velocity_magnitude","wrist_right_avg_velocity_magnitude","pelvis_sd_velocity_magnitude","solar_plexus_sd_velocity_magnitude","wrist_left_sd_velocity_magnitude","wrist_right_sd_velocity_magnitude","pelvis_min_velocity_magnitude","solar_plexus_min_velocity_magnitude","wrist_left_min_velocity_magnitude","wrist_right_min_velocity_magnitude","pelvis_max_velocity_magnitude","solar_plexus_max_velocity_magnitude","wrist_left_max_velocity_magnitude","wrist_right_max_velocity_magnitude","pelvis_avg_acceleration_magnitude","solar_plexus_avg_acceleration_magnitude","wrist_left_avg_acceleration_magnitude","wrist_right_avg_acceleration_magnitude","pelvis_sd_acceleration_magnitude","solar_plexus_sd_acceleration_magnitude","wrist_left_sd_acceleration_magnitude","wrist_right_sd_acceleration_magnitude","pelvis_min_acceleration_magnitude","solar_plexus_min_acceleration_magnitude","wrist_left_min_acceleration_magnitude","wrist_right_min_acceleration_magnitude","pelvis_max_acceleration_magnitude","solar_plexus_max_acceleration_magnitude","wrist_left_max_acceleration_magnitude","wrist_right_max_acceleration_magnitude"
"dance_data_0_corrected",-0.0168449583348215,0.3299971659375,0.0291675413839285,0.1174032625,0.00172507561043068,0.00226210167857636,0.00399646142272931,0.0175636383893059,-0.0321577780000001,0.32311761,-0.0190622800000001,-0.12455034,0,0.36265576,0.03843416,0.12145507,0.00177372536078433,0.021807392731865,5.09554265708519e-06,0.323178939379815,0.00177372536078433,0.00162525227760907,0.0040924822961746,0.00231268481585512,0.021807392731865,0.020484346705245,0.0438991509533127,0.0197290682236028,5.09554265708519e-06,4.36246630362091e-06,2.59556128989633e-05,8.30810736569988e-06,0.323178939379815,0.304980660506251,0.635785702220269,0.240478366520218,0.00161733483110469,0.00147234083771444,0.00449766496434655,0.00275325898410053,0.0207573118501589,0.0190478774391994,0.0526140342191285,0.026309239530755,5.25889922030204e-07,1.5145359948913e-06,3.1169006976778e-06,2.91235278775571e-06,0.307487912059273,0.282412772063908,0.768570998880006,0.345602626989295
"dance_data_1_corrected",-0.00132249387499998,0.344496638482143,0.0402487761160714,0.38157772375,0.00198838193156155,0.00267745284227386,0.00528081483549325,0.294693654640594,-0.00807205899999996,0.33675714,0.02913781,0.13275977,0.000909799999999961,0.34703584,0.0459931699999999,0.82272442,0.000241682364269756,0.000258327277488947,1.07671774003486e-05,0.00135854500676215,0.000241682364269756,0.000426117087582436,0.000774177206508002,0.00575471254760664,0.000258327277488947,0.000463462557261772,0.000717346032531092,0.00800571527310334,1.07671774003486e-05,1.07099232551818e-05,4.98218437418804e-05,3.04441673431633e-05,0.00135854500676215,0.00199676763263376,0.00321261160352232,0.0329179751007069,7.4381104775444e-05,9.58312460032683e-05,0.000253001528951048,0.00108301526647736,9.09086942456449e-05,0.000111747427109947,0.000293699135246199,0.00123217032663532,3.15843319387154e-06,2.49545325943223e-06,6.34959932277506e-06,4.80463346049474e-06,0.000522399887606159,0.000547138495103823,0.0016615566495007,0.00765919677349904
"dance_data_10_corrected",0.105602566209821,0.433121642053571,0.553702090107143,0.633610385392857,0.141884836620156,0.126263242112183,0.448403610486025,0.351531859336036,-0.0706322,0.2580614,-0.1239895,0.0685353,0.35951816,0.6536098,1.14837669,1.21220337,0.0116810121256864,0.00480886053873084,0.00118982526096148,0.0234546413509118,0.0116810121256864,0.0112913191125051,0.0296901049087382,0.0350257294711894,0.00480886053873084,0.00556107432536531,0.0268206426084171,0.0326824261432663,0.00118982526096148,0.00165694880397675,0.000481372277365473,0.00336757995884943,0.0234546413509118,0.0287786004775011,0.132744374256029,0.135274868855302,0.00129597609926428,0.00119968857858445,0.00502756332869268,0.00509502941049002,0.00140016069946435,0.00143017754568673,0.00597562847780087,0.0061217697192944,0.000134365993688928,5.44933374367307e-05,0.00032841281205983,0.000203173371532609,0.0138966588167017,0.0172531846723722,0.0385775262747288,0.0275377597883816
"dance_data_100_corrected",0,0.35613394,0.3231187,0.0611732,0,0,0,0,0,0.35613394,0.3231187,0.0611732,0,0.35613394,0.3231187,0.0611732,0,0,0,0,0,0,0,0,0,0,0,0,0,0,0,0,0,0,0,0,0,0,0,0,0,0,0,0,0,0,0,0,0,0,0,0
"dance_data_11_corrected",-0.0813537225848214,0.252318829705357,0.382268604017857,0.586411729589286,0.0591433511095327,0.0705884138996572,0.489851207435011,0.454105410743789,-0.167738438,0.131173851,-0.314056635,-0.168122369,0,0.341079351,0.991586331,1.096951431,0.00831002389063716,0.00767083507037257,8.75155890399503e-05,0.0322128008323936,0.00831002389063716,0.00743460025818692,0.0146805448063936,0.0207309072872046,0.00767083507037257,0.00589767749677685,0.0149683202214864,0.0241799904564457,8.75155890399503e-05,0.000336994548027023,0.000805471664802633,0.000791612097143813,0.0322128008323936,0.0224026672105125,0.0580274306341756,0.224721588479967,0.00111112550976233,0.00102673211631838,0.00246529014558273,0.00713745846576945,0.00149975355748856,0.00135593601659915,0.00248087424859216,0.0236938488229298,1.75328841041433e-05,7.27749957061698e-06,2.5438255757772e-05,3.6751751740787e-05,0.0101580208264776,0.00899488112346219,0.0145362249260014,0.203960600949165
"dance_data_12_corrected",0.0614169353660715,0.408523674285714,0.516897658459821,0.17660664228125,0.068522960724596,0.0766164184829333,0.142583014918664,0.0890389612164844,-0.0955965999999999,0.22475261,0.141176646,-0.046668166,0.143345838,0.49429852,0.68511159,0.27046258,0.00641380455479143,0.00400084290761439,0.0013684822556869,0.0237575847430859,0.00641380455479143,0.00728511095892391,0.0109764292370127,0.00968866419209309,0.00400084290761439,0.0036442138282803,0.0127952898823627,0.00661666374100504,0.0013684822556869,0.000805688313881435,0.000352714439619358,0.00179536871615638,0.0237575847430859,0.0189776375878803,0.157644515511193,0.0316936047462287,0.00137052648031645,0.00111683941256255,0.00317965266080548,0.0020025843650729,0.00194586989697556,0.00110289088523798,0.00783539673192757,0.00169392764592225,6.79667039954119e-05,8.05117636371584e-05,0.000118617267107515,0.000177956112095149,0.0178974282047173,0.00899839144546784,0.109794856131674,0.0136587219934672
"dance_data_13_corrected",0.0912715721383928,0.3963930553125,0.5265014940625,0.239034675357143,0.060913977785602,0.0773293653575805,0.131425605757664,0.163422010439339,-0.0243417020000001,0.26808885,0.24976599,-0.12385495,0.17696375,0.51785302,0.69149327,0.43905285,0.00505905484200066,0.00306423819234322,0.00141733449482545,0.0191046428958612,0.00505905484200066,0.00703220626999879,0.0131933147270246,0.00944180916018748,0.00306423819234322,0.00346167325963417,0.00752756434226281,0.00508449111979644,0.00141733449482545,0.000846872753960657,0.00106147506920128,0.00224548693305593,0.0191046428958612,0.0167442253454871,0.0414514422642535,0.032545806341365,0.00122754265113983,0.00134983486840938,0.00406877861795091,0.00274977717335537,0.00124616038842632,0.00119364728075059,0.00355369249731126,0.00392290040106756,8.63872247499195e-05,0.000153985048835957,0.000358867556523415,0.000272023079329743,0.0111727737446054,0.00860202300477905,0.0232253246803605,0.038504852287666
"dance_data_14_corrected",-0.0649790819151786,0.271006417316964,0.176085088299107,-0.0180223373258929,0.0853125305156588,0.112376503776633,0.184033801118715,0.192749638087507,-0.2670446,-0.0207766340000001,-0.1146919,-0.501288984,0.00340854699999993,0.34656983,0.51074475,0.11723667,0.00423061535122005,0.00391634901495668,0.000273125759312511,0.020524398205414,0.00423061535122005,0.0055108453764462,0.0107418942211274,0.00839304625637723,0.00391634901495668,0.00541462347776354,0.00895973734340172,0.00905362669510366,0.000273125759312511,0.000107045524824582,0.00109896316988743,3.55594133387432e-05,0.020524398205414,0.0245655484967454,0.0499373968506446,0.0444673251980143,0.000733064689550369,0.000964197942504855,0.0034161886176712,0.00176536823545075,0.000903475437226766,0.00128588727477265,0.00387168199883336,0.00197947037520975,1.55949193328843e-05,4.16422303078499e-05,3.90040135881588e-05,5.32550503990067e-05,0.00602715277089288,0.00775531346555321,0.0313862985996547,0.0117994292339746
"dance_data_15_corrected",-0.000410803977678561,0.350256903089286,0.0459499926205357,0.1113568105,0.00880449035365701,0.006600485079097,0.0249502941531443,0.0140373398486172,-0.010555947,0.338753153,0.00562828800000004,0.0755587230000001,0.0191724930000001,0.365252073,0.101927153,0.138572753,0.00355690684065835,0.00210059356262438,0.00054473299421365,0.0144058811297843,0.00355690684065835,0.00459842348266355,0.00526528728098756,0.00821181399995743,0.00210059356262438,0.00298923459110886,0.00442945692565191,0.00770953951686306,0.00054473299421365,0.000629624547666331,0.000797421014321181,0.000730633779006357,0.0144058811297843,0.0145006810177379,0.027421966123112,0.0481086532488559,0.000394572975839779,0.000456703265335845,0.00220674445979032,0.00120474784276068,0.000643062536899281,0.000766994165334669,0.00384759992933664,0.00229137100715285,3.24070391428039e-05,2.69306074940575e-05,3.0728894155062e-05,9.06865975723572e-05,0.00854265736614619,0.00956608293623352,0.0306251519981842,0.0293498432609708
"dance_data_16_corrected",-0.0020508924419643,0.347655400892857,0.0450191842589286,0.157055621607143,0.0150764233719076,0.0143494754569138,0.0319902451762743,0.0533546182292222,-0.0811818,0.25734862,-0.000387941000000058,0.1101422,0.02053591,0.36260065,0.11410698,0.35553666,0.00505382853291284,0.00358738111671985,0.000548303716271336,0.0180410278288471,0.00505382853291284,0.00618949771572806,0.00659347549434997,0.0127542072991818,0.00358738111671985,0.00539624853259263,0.00546077946563423,0.0127026729987169,0.000548303716271336,0.00040624803053063,0.000713833605967932,0.000588170698926704,0.0180410278288471,0.0270126909928553,0.0292829947937579,0.0584490894267658,0.000628224100823555,0.000637064364492766,0.00249705152527559,0.00182267060975729,0.00104683987282317,0.000876650356431549,0.00473927902135539,0.00311903618080117,1.98608702729123e-05,1.53348245506295e-05,5.71801232073418e-05,4.42994079802537e-05,0.012937808100588,0.00968337581390809,0.040382775864518,0.0390119132902936
"dance_data_17_corrected",-0.0230017301919642,0.264485580892857,0.339958488165179,0.383812738419643,0.156239762505942,0.215505597711849,0.511216610234454,0.595599774475321,-0.3523208,-0.1525797,-0.5927878,-0.663119054,0.16302537,0.50698387,1.1371826,1.17009198,0.012731775613952,0.00859201192583901,0.000750446224535789,0.042370178173619,0.012731775613952,0.0147998738746199,0.0322595699993022,0.0420933580606515,0.00859201192583901,0.0115514567968039,0.0240337373817297,0.0279880632359603,0.000750446224535789,0.000707658275667776,0.00422302483795177,0.00397556483842231,0.042370178173619,0.0661113580936015,0.128114799309556,0.136819954345852,0.00298042061761843,0.0029943259379734,0.0073309119369476,0.00798239980815707,0.00355510291314243,0.00342154015111882,0.00652996307188574,0.00638380763264145,3.11840704368449e-05,8.0496075115493e-05,0.00041778962515135,0.000682079801633165,0.0259918654758925,0.0396339398080511,0.0470902678695265,0.0506280392056722
"dance_data_18_corrected",0.117191084941964,0.452813403571429,0.235609145165179,0.312202451897321,0.085257815577559,0.115867835337247,0.114645314565258,0.281156062613033,-0.0389334,0.23047872,-0.0316913,-0.150701446,0.2005786,0.55562349,0.64904829,0.90637858,0.00604585333686735,0.00500629732764227,4.8878104949104e-05,0.0219033446352218,0.00604585333686735,0.0068463857116368,0.018092130190235,0.0201103318196808,0.00500629732764227,0.00482980054348272,0.0135379517382777,0.0210907987880214,4.8878104949104e-05,4.58707877181552e-05,0.000373130121531327,0.000414376648107641,0.0219033446352218,0.0214222299744744,0.0723874678232942,0.105149555445647,0.0012038190398252,0.00136234534015267,0.00338273523262293,0.00524112953629551,0.00127914232809588,0.00145961129428397,0.0040575902645085,0.00743590291187133,2.08638655334588e-05,9.94935187291696e-06,6.77442447812728e-05,5.32074823034152e-05,0.00904989769051361,0.0100882768862477,0.0404541676802016,0.0445598900133633
"dance_data_19_corrected",0.000398390093750044,0.342334429272321,0.3200349695,0.459801014763393,0.158731591822433,0.164793749129678,0.420842733431544,0.316585109725759,-0.199752644,0.134370156,-0.027583778,0.16455692,0.260836896,0.607445536,1.184909756,1.150866926,0.00690047758907224,0.00559590508695747,0.000799215737433817,0.029005161098375,0.00690047758907224,0.00644572289477487,0.0137049449528025,0.0125853321140674,0.00559590508695747,0.00393292603084858,0.0192330061231627,0.0129362897167514,0.000799215737433817,0.00148096404391365,0.00234092571463869,0.0003866132285334,0.029005161098375,0.0172470490322436,0.109664035137419,0.0619671444619667,0.00205846282935724,0.0014107828352964,0.00539698043858815,0.00693203978454152,0.00219027070825746,0.00126570491523428,0.0114905488185838,0.0086339626788918,3.39728657779234e-05,6.57315505673378e-05,0.000123834406046972,7.11481250350929e-05,0.013033278439081,0.00759605922286425,0.115689598802659,0.0500975636620011
"dance_data_2_corrected",-0.000972806245535748,0.345552963526786,0.148530445535714,0.778297956830357,0.00196958843487946,0.00344042692963993,0.110097738341641,0.0319273501393163,-0.00502020000000003,0.33902088,0.0240400199999999,0.71246413,0.00305596399999997,0.35239819,0.28817228,0.83659247,0.000478454554260526,0.000258774750400203,6.50235582819716e-05,0.00190945525820119,0.000478454554260526,0.000862179741772901,0.00599614751468748,0.00686033943734416,0.000258774750400203,0.000472827432149526,0.00616086597391775,0.00434135586819255,6.50235582819716e-05,0.000160377187784803,0.000161923672379937,0.000192809840539874,0.00190945525820119,0.00253233437227796,0.0270130032382137,0.0231782327473393,0.000217450839881744,0.000296328645346142,0.00222355041012737,0.00252838932051154,0.000188877286098491,0.000256154553395058,0.00247555608992327,0.00203690276110328,2.37217310340246e-05,2.45412313610699e-05,0.000115490636375572,0.000334021986439814,0.00145717184143206,0.00207889771954966,0.0173482021237917,0.0187013693908541
"dance_data_20_corrected",-0.0711653988928571,0.274288195892857,0.371277361428571,0.320598815758929,0.0140708961732226,0.0135878890751829,0.285754529249732,0.277130298144976,-0.0797486919999999,0.26528752,-0.00758862999999987,0.01185429,0,0.34425735,0.93615103,0.89936185,0.000990950352002956,0.00118687246181976,4.974093736549e-05,0.00782013071484254,0.000990950352002956,0.00110179949600386,0.00485901569481262,0.00488862558157653,0.00118687246181976,0.00122009011757705,0.00199491727953204,0.00261584798833145,4.974093736549e-05,9.63562496415492e-05,0.00076481389619237,0.000354204079097075,0.00782013071484254,0.00909016244833131,0.0139188844228266,0.021383555795682,0.00022572087947263,0.000300543238684987,0.00101315410917822,0.00149914742955917,0.000462845624083299,0.00061282291022608,0.00133499964176861,0.00348862228277773,7.41982749121213e-06,1.79902880466555e-05,4.68290343483385e-05,4.6165173291207e-05,0.00449633944021511,0.00527270334282642,0.0109682562995091,0.0384369605497967
"dance_data_21_corrected",-0.133020917870536,0.18856504378125,0.459947381901786,-0.0288501034776786,0.160180184966679,0.180651744873135,0.558598804591493,0.288086328621856,-0.4200444,-0.1897031,-0.727284872,-0.5946782,0.08795658,0.44541518,1.18459824,0.5511618,0.0143904508738355,0.00750526818717549,0.000667860683141297,0.0343372651212472,0.0143904508738355,0.0161944784242477,0.0456877583399071,0.0303317150558412,0.00750526818717549,0.00839341791863506,0.0427011030016341,0.0180619607467809,0.000667860683141297,0.00152222545498885,0.00164914102993046,0.00152441117056046,0.0343372651212472,0.042000623769642,0.194623931206874,0.0906675414782245,0.00241285868447846,0.00242775452375039,0.00912129486903714,0.00539059323529853,0.00217212582279231,0.00213455721669352,0.00977775426019473,0.00404614578081594,0.000412247767503979,0.000275899348590984,0.000460097983451122,0.00033099554883731,0.0165534637703375,0.0142228877780841,0.0460714973012207,0.0256190174604383
"dance_data_22_corrected",0.00480995881696424,0.3403192596875,0.403186026267857,0.381679425116071,0.0555381413269709,0.0634176053781297,0.240870345078695,0.240144162980238,-0.1549199,0.1994786,-0.115502267,-0.18152067,0.0890439,0.44791517,0.99748692,0.84714171,0.0122629579197504,0.00521804965231691,0.00297736777583908,0.0458592208650737,0.0122629579197504,0.0145289877067863,0.0545415165479385,0.0534096834295598,0.00521804965231691,0.00590778201611648,0.0308845203887787,0.03070786182438,0.00297736777583908,0.0016237074018738,0.00767082646409104,0.00457824360677494,0.0458592208650737,0.0344150462598376,0.138602957650518,0.127402515411333,0.00260979102462394,0.00263355005197133,0.0123439003122396,0.0110255314214079,0.00228796454239937,0.00183996281760583,0.00802137451513297,0.00776812543516834,0.000221707102775352,0.000211243962576301,0.000869850736218332,0.000641367144868026,0.0264740960337764,0.0201068532721528,0.0730512594602608,0.0508262175340242
"dance_data_23_corrected",-0.0145151288214285,0.3350009668125,0.175666066879464,0.617321646830357,0.0556879882897279,0.0593877245641968,0.108773551373758,0.310196796713494,-0.0853650309999999,0.240355019,-0.0141242739999999,0.0347667340000001,0.133465769,0.491901279,0.499913569,1.201809999,0.0115654563982524,0.0070626066153469,0.00165178507007564,0.0573435741939858,0.0115654563982524,0.0155138325355884,0.0336637385204334,0.0595719439365706,0.0070626066153469,0.00833538133991596,0.0231975214761201,0.0365005015748225,0.00165178507007564,0.00233928829998703,0.0038095116664475,0.00303127398050721,0.0573435741939858,0.0767173309614966,0.2955409629351,0.316441877582202,0.0034662845097453,0.0047124248930154,0.0122939530829627,0.0210511011000254,0.00450206314711038,0.00651113990177298,0.0227114608617755,0.0285644483194422,0.000180787675105187,0.000292830715569742,0.000772427030485947,0.00267429994540281,0.0501136544474748,0.0642217183374785,0.254262920084684,0.306145374476967
"dance_data_24_corrected",0.00443571669642862,0.3535553478125,0.0352064568303572,1.00136372776786,0.0009501031808941,0.00217425133896502,0.00739074599966712,0.0022823167992307,0,0.35101412,0.02850924,0.99909244,0.00633452000000001,0.35834191,0.0589324099999999,1.00911127,0.000510168958369141,0.00113446234288683,4.08071026292847e-05,0.0134428438306165,0.000510168958369141,0.000610264973494033,0.000738475034895345,0.000955794979866582,0.00113446234288683,0.000983143847423142,0.00107606736478001,0.00164933123047095,4.08071026292847e-05,3.95133638659266e-05,3.27257394261382e-05,4.89920197584871e-05,0.0134428438306165,0.0101046570502539,0.00631142340263277,0.0188389843172486,0.000115409064482577,9.51367186011479e-05,0.000335621429541235,0.000241835861749587,0.000557410620911817,0.000401636030742484,0.000634604486939565,0.000759871787363694,2.19968838722764e-06,3.7567038744815e-06,5.46771259283416e-06,1.51845956152566e-05,0.00822442125615996,0.00593632638395082,0.00451074323416873,0.0110228768882242
"dance_data_25_corrected",-0.393945362892857,-0.0500339232901785,-0.288937644352678,-0.0139608558392856,0.248774128118574,0.251120877008265,0.214428401269201,0.63599887438065,-0.570526004,-0.28620587,-0.62076497,-0.51284653,0.00211394000000009,0.34840322,0.0466477900000002,0.99416029,0.00408182295180785,0.0107477131577544,1.99949065013145e-05,0.0521579152443447,0.00408182295180785,0.00535745607283018,0.00660245947648724,0.00919898703380276,0.0107477131577544,0.0102138729850844,0.0101318215673107,0.0273088858647032,1.99949065013145e-05,3.43030149695091e-05,3.81969946985003e-05,8.5789040891137e-05,0.0521579152443447,0.0485633492434624,0.0459249079789645,0.134411219830287,0.00121501567320148,0.00123299787619429,0.00157286920737135,0.00311667498230911,0.00407171622291044,0.00404770353889102,0.00386988536369246,0.00866388040913595,7.55991620319383e-06,4.34188875940285e-06,2.2174600334561e-05,1.60149686542238e-05,0.0333124247098314,0.033878486747681,0.0298955466917951,0.0722542966534891
"dance_data_26_corrected",0.00468024921428569,0.187796739285714,-0.134105505629464,-0.138172813267857,0.00546261039364724,0.0185839523625835,0.0436413439543992,0.036238900864121,-0.00684750000000001,0.161340922,-0.180617118,-0.189995518,0.0178169819999999,0.236570082,0.0313347819999999,-0.00804381800000004,0.00141985410918372,0.000705573778082281,0.000266336083511102,0.00465834051387656,0.00141985410918372,0.0034303837293194,0.00947137632274203,0.0128026775486413,0.000705573778082281,0.00183870039418225,0.0127841244709515,0.0171823457364695,0.000266336083511102,0.000729234824374888,0.000334135002057528,0.00110821726938766,0.00465834051387656,0.0145372468796125,0.0562172552147763,0.0825386190783292,0.000425709665360858,0.000741201722170923,0.00211966243599699,0.00494034899757013,0.000339885276334312,0.000815363247876171,0.00197430179712398,0.00841463655308603,7.51894939474152e-06,6.39920579134067e-05,4.47688561501424e-05,0.000243785131820996,0.00357539003820313,0.00929132832886386,0.0104914869216238,0.0761581324365167
"dance_data_27_corrected",0.00599427963392856,0.250882717566964,0.0704629061696428,0.0142551083705357,0.00970890831617045,0.0627118324777546,0.31227377561559,0.257684954956909,-0.011415669,0.168716452,-0.148789682,-0.2541707,0.0320903,0.361508749,0.89875641,0.68289544,0.00262717824681969,0.00165149209889657,0.000413685287808332,0.0095814664151747,0.00262717824681969,0.00642932151026369,0.0232656060464798,0.0173214343219978,0.00165149209889657,0.00427856641702374,0.0226629217232281,0.0180557036505535,0.000413685287808332,0.00055171218452103,0.000663611054269671,0.000299166305429016,0.0095814664151747,0.0181198834190926,0.0938840676627004,0.135050616945923,0.000890135559717576,0.00121651390414176,0.00641269020639644,0.00515892248676791,0.000799307315728644,0.000917310444377083,0.00905184791574759,0.0116615801008596,2.83685367265196e-05,0.000121311262873771,0.000172593026811483,0.000146120092352304,0.00598178337913929,0.00640000215145273,0.0714656779095074,0.12979444870605
"dance_data_28_corrected",-0.01542198703125,0.161226067553571,-0.144910565464286,-0.203914339013393,0.00509427100534977,0.0122833724187906,0.0356643465644015,0.0367134217790426,-0.0249152,0.1433576,-0.2031878,-0.2761747,0,0.189089269,0.010364265,-0.146497756,0.00127249952907223,0.000745343515311433,0.000160901112357849,0.00536204715546638,0.00127249952907223,0.00217984714353274,0.010267562486451,0.0105406981406949,0.000745343515311433,0.0013766865261264,0.0150661052722014,0.0136739344743913,0.000160901112357849,0.000338113504906315,0.000689502295183969,0.000103541194941855,0.00536204715546638,0.00846239305008633,0.0669986225714918,0.0689257563613298,0.000610133752242235,0.00075218754315564,0.00298351138877213,0.00331389925665472,0.000853834526029224,0.000983538688954078,0.00434015468799324,0.00589528477903374,5.58425586806507e-05,2.48856479922932e-05,6.69253262972405e-05,0.000119597191814844,0.00624345805972404,0.00655287874472288,0.0336351601673685,0.0701990234790821
"dance_data_29_corrected",-0.00357261787053569,0.212627200107143,-0.108178948486607,-0.12213547,0.0115916727863727,0.0626726289103418,0.0614664728256489,0.0534225904935468,-0.034468979,0.141487368,-0.173172474,-0.18525526,0.0139643680000001,0.330931931,0.033307468,-0.018205405,0.00159127546126331,0.00125764534580405,5.77110028764791e-05,0.00630163127947704,0.00159127546126331,0.00481114118435557,0.00683777640048913,0.00684797000372263,0.00125764534580405,0.00376071123991789,0.00669740338289225,0.00605116896249904,5.77110028764791e-05,0.000423199178283746,0.000217673807622672,0.000650133256648248,0.00630163127947704,0.0131145501402536,0.02589229686325,0.0261384794529541,0.000557462219004688,0.000854060040738112,0.00162266117516578,0.00175854528654478,0.000677980130231291,0.000668859868099417,0.00104038639286438,0.00178906464455265,2.56161277323402e-05,3.6672410283198e-05,0.000166525792296458,0.000161973689199786,0.00648473085901231,0.00414912177017049,0.00527462875350581,0.017388577020705
"dance_data_3_corrected",-0.00189703733035714,0.346473440446429,0.405946194017857,0.672682061160714,0.00224971669125229,0.0028112716561296,0.12943881489568,0.114598991228965,-0.00644020000000001,0.34001348,0.25130282,0.40530203,0.00355340000000004,0.35296772,0.65369866,0.82011662,0.000592337203987195,0.000300879030785031,9.73384562058446e-05,0.00167047381776051,0.000592337203987195,0.000961226626432832,0.00726478119213865,0.00770545221502988,0.000300879030785031,0.000547446007937576,0.00398577164753077,0.00523632168925839,9.73384562058446e-05,0.000167252023074992,0.000259682544665584,0.000886562683818824,0.00167047381776051,0.0029770756537298,0.0183200749555651,0.0347299847282084,0.000271154210716008,0.000344559053187756,0.00307462397320906,0.00367224155217927,0.000215263923116557,0.000293247086887584,0.00230676886776382,0.00418875984553002,3.94467012239318e-05,3.19229529768673e-05,0.000270572338072502,0.000309680866869458,0.00163369343402288,0.00284531505835127,0.0161324146161299,0.0316138069556037
"dance_data_30_corrected",0.142655965517857,0.405590345285714,0.391074496584821,0.348128141214286,0.1721704290671,0.229788981646626,0.52617495304123,0.551754470275548,-0.06622903,0.15157767,-0.17116033,-0.189097672,0.41346197,0.7726706,1.43202075,1.45100877,0.010217464125649,0.00752067317411929,0.000334401328569535,0.0309763320727971,0.010217464125649,0.0116497012137829,0.0298606594279025,0.0290782161330839,0.00752067317411929,0.00777113109305356,0.0207092330243759,0.0235170079498178,0.000334401328569535,0.000526614960383728,0.000826495931568932,0.000206954495348707,0.0309763320727971,0.0299875291323226,0.0968507226629146,0.104676095410746,0.00184270236093464,0.00180969535442115,0.00622841691691157,0.00509610656076439,0.00234135376438604,0.00211633282179297,0.00708759071223891,0.00499144383150049,6.06012397069189e-05,6.99039421565226e-05,0.000311785639079116,0.000184013999144063,0.0187420865826353,0.0182496940417668,0.0427769938332387,0.0378904095201208
"dance_data_31_corrected",0.168263750495536,0.450897239861607,0.477974774379464,0.336952958888393,0.181133037418576,0.230420100922165,0.582686281517502,0.415258166702618,-0.06717664,0.163994431,-0.06009262,-0.12062022,0.466912746,0.80446929,1.54942888,1.05857486,0.0119488471233299,0.00501428319456387,0.000984355781034643,0.0286783529242898,0.0119488471233299,0.0121111438833634,0.0238818923587476,0.028969152400839,0.00501428319456387,0.00515266097571647,0.0198060413806881,0.0249266918812624,0.000984355781034643,0.00337457895829997,0.000608747731100521,0.00102714843119191,0.0286783529242898,0.0287733487782358,0.0789714101580282,0.0906271169151101,0.00246887117363905,0.00218674122982764,0.00447671632656409,0.00506878273773016,0.00266891517762912,0.00243985981355033,0.00375782442170791,0.00359368001978345,0.000295921347448905,0.000206648773768039,0.000146978259361825,0.000236444236931224,0.0236202326827933,0.0225317754852765,0.0330290540658054,0.0206542482802472
"dance_data_32_corrected",-0.207904388941964,0.0891321576071429,0.01291998125,-0.0666959994821428,0.101094477771291,0.147550406509009,0.398552407666849,0.341490818579521,-0.310762405,-0.244329746,-0.447102308,-0.404176265,0,0.333849664,0.762504814,0.553793434,0.0100146516726658,0.00569882678174046,0.000445621731287838,0.0208257267737385,0.0100146516726658,0.0125633463993586,0.0218608952921694,0.0166220697352397,0.00569882678174046,0.00748886045026654,0.0163753169431953,0.0121785852258972,0.000445621731287838,0.000715287544349073,0.000591745303051806,0.00113564350683475,0.0208257267737385,0.0306597935004102,0.0689602713097861,0.0472011284916505,0.00261940293061885,0.00233538105506796,0.00658013727296344,0.00498979428812596,0.00244418443788472,0.00221325782895765,0.00645924695232289,0.00407763810770583,0.000338361326704144,0.00023550941956709,0.000619436393667629,0.000271040883181674,0.01780465329212,0.0206505942718826,0.0410295783334728,0.0329703015455726
"dance_data_33_corrected",0.252731052178571,0.498923685790179,0.201519019745536,0.292187083732143,0.304467576633428,0.369887269262958,0.354595166232308,0.32925556407895,0,0.06129577,-0.1738125,-0.0915888,0.9505729,1.30312472,0.99960761,0.99059468,0.0110817112531469,0.00621129765898942,0.00173194239638647,0.0327915854465866,0.0110817112531469,0.0128577895141887,0.0219959320892109,0.0166485331684556,0.00621129765898942,0.00602294824990047,0.0155001485907763,0.0111588776242743,0.00173194239638647,0.0003448283317825,0.000700809609184237,0.00178363661178946,0.0327915854465866,0.0332259737660659,0.0782147431801967,0.0860197108287542,0.00358999400392424,0.00300355628969007,0.00817532344864942,0.00854161132409851,0.00308461510123567,0.00256504199270381,0.00848477634362686,0.00797235376876197,0.000329878914906651,0.000242226572929282,0.000436275103055454,0.000434580031580969,0.0208298150268649,0.0213098345107933,0.0467208633410399,0.068460274800126
"dance_data_34_corrected",-0.0432354725892858,0.307898295625,0.369947971205357,0.0652233639285714,0.0122675506000915,0.0126808106121582,0.14147525633597,0.0184150088892876,-0.05730367,0.29475977,-0.0199682300000001,-0.00158513000000005,0.00972876999999994,0.35636592,0.43782305,0.11962843,0.00414554605606166,0.00707278109319016,0,0.0273755640686541,0.00414554605606166,0.00440366322802374,0.00743745888340705,0.00615870074556373,0.00707278109319016,0.00766824211999034,0.0168362108448869,0.01298261132533,0,0,0,0,0.0273755640686541,0.0297203519108119,0.113356420131977,0.104229644858183,0.0011845186778869,0.00144299345214775,0.0040124186697744,0.00273445994500801,0.00250079852424278,0.00265617817450417,0.00981227362259122,0.00778646418432171,0,0,0,0,0.0174000097932302,0.0120512527508679,0.0761607880205739,0.079981140581193
"dance_data_35_corrected",-0.0165961243750001,0.328833490491071,0.102047453973214,0.00851050281249994,0.0216153563281994,0.0234162370415655,0.121809402789963,0.062031687010419,-0.11253381,0.20240199,-0.0681183400000001,-0.18236292,0.0663732299999999,0.40577936,0.4842571,0.21022665,0.0290179803473892,0.157385802372175,3.09999999892341e-07,2.33624558655165,0.0290179803473892,0.0295512949189278,0.0312459812158995,0.0385244864187007,0.157385802372175,0.152168340456973,0.165514220022623,0.182466009057079,3.09999999892341e-07,1.89999999733459e-07,1.57076414485166e-06,2.0514872653737e-06,2.33624558655165,2.25681930056177,2.46602019929812,2.63879478093673,0.0235721182659727,0.0226477891333558,0.02566348829533,0.0323603750328613,0.208583827527203,0.19899344984327,0.214104866942272,0.229939414678357,2.93087017225999e-07,4.10609303074641e-07,2.7000000013544e-07,3.70675060006347e-07,2.40271857377768,2.2903297789935,2.28635428113795,2.63300872550116
"dance_data_36_corrected",0.011881924375,0.272162979285714,0.104286791678571,-0.0202542678125,0.0936289558353148,0.157748697685624,0.286077732639416,0.276342100211149,-0.15904322,-0.0231710899999999,-0.337027455,-0.6174768,0.14794621,0.5012208,0.76769934,0.52632914,0.0133123670682099,0.00463386223038487,0.003980467584355,0.0294208309057342,0.0133123670682099,0.0154778359412146,0.0323281544493086,0.0309288392663342,0.00463386223038487,0.00780577997658997,0.0128460757882021,0.0165707352831497,0.003980467584355,0.00121281214250197,0.0088207873610524,0.00258341757755107,0.0294208309057342,0.0451744593361349,0.0734838416424602,0.0785248927342727,0.00228939497998982,0.00234110337004582,0.00545770228639183,0.00791264155861524,0.002007575651243,0.0020779050136153,0.0039753757902329,0.00903685873434418,0.000190581414311476,0.000277375384742148,0.000225701299189861,0.000299297923313866,0.0126132956345978,0.0246338294056376,0.0291334101222598,0.0762483893778735
"dance_data_37_corrected",-0.106841726339286,0.140052212589286,-0.0273488008482142,-0.101965354857143,0.0845186158499501,0.147679513971314,0.196579799239587,0.235343089428315,-0.29005266,-0.14293063,-0.3140814,-0.374328557,0.02274167,0.37269437,0.3733836,0.55789244,0.013368327572639,0.00624794035293629,0.00318634800963451,0.0369775330813741,0.013368327572639,0.0159488268781272,0.0236774273977673,0.0255866048398827,0.00624794035293629,0.00659136379472902,0.0126989454464875,0.0135771558861052,0.00318634800963451,0.0013257731142619,0.00320504207707501,0.0045315398779263,0.0369775330813741,0.0309398345472581,0.0639191963769681,0.0954615579929853,0.0020304735603621,0.00209793621129892,0.00474712005519747,0.00585371754990718,0.00165624203565896,0.00139018943033783,0.00344366609907544,0.00573635136523608,0.000163409559389829,0.000341897084369194,0.000689943931272946,0.000411859764725907,0.0160310511676965,0.0130773896670669,0.0381655532016831,0.047962046763049
"dance_data_38_corrected",-0.0459729370982142,0.257446685267857,0.103447576361607,0.188137761638393,0.0716529109674525,0.121361274409515,0.287843189114099,0.300204555383631,-0.27155936,-0.14680369,-0.64060659,-0.33478179,0.06184089,0.40728175,0.61831116,0.88830507,0.0127254380485982,0.00444938152071893,0.00376099658385165,0.0334285948611815,0.0127254380485982,0.0161674837657122,0.0305066752093784,0.0368746703793493,0.00444938152071893,0.00570828524147261,0.0164056931677471,0.0149191846748344,0.00376099658385165,0.0046766714981491,0.00629871001977878,0.00712855758314413,0.0334285948611815,0.0395510820622666,0.0906969120226897,0.0930108755170945,0.0017264775421496,0.00192674447293276,0.00508031494365554,0.00665292933635569,0.00181895786855767,0.00197146070585569,0.00508842618831266,0.00473112674848027,0.000225903815373111,5.41071876556838e-05,0.000319626951674871,0.000438303083607793,0.0152148706762562,0.0209741591071337,0.0485077189369509,0.0445747766355679
"dance_data_39_corrected",-0.211133037209821,0.0908758410357143,0.116908267236607,0.169064670111607,0.0375149441854347,0.0561820055049996,0.370049887713453,0.272027860949408,-0.280937069,-0.0350604059999999,-0.458599329,-0.262276869,0,0.164541241,0.760449531,0.668792721,0.00912382704656235,0.00503709724586215,0.00125841852979242,0.0373125495933324,0.00912382704656235,0.00763975959100115,0.0340952605314546,0.021165994076114,0.00503709724586215,0.00374990234922627,0.0192827654743444,0.0112398318402296,0.00125841852979242,0.00132083313843947,0.00393392581661114,0.00209965231307477,0.0373125495933324,0.0263297300427747,0.136471099735471,0.0586879884632285,0.0020083780518709,0.00170357036549847,0.00626703309740715,0.00679818800077347,0.00209563901812301,0.00170610342125058,0.00628425198671342,0.00603607284072295,0.00011860490222582,9.98187893186686e-05,0.000588190143831329,0.000865238187553206,0.0182256674717936,0.0157247039247186,0.076014994892065,0.042285456591056
"dance_data_4_corrected",0.00098432938392854,0.354836755892857,0.643748070089286,0.442022530758929,0.0021307304776457,0.00405357123930749,0.0378044179653113,0.0564997485950828,-0.00345899999999999,0.34800134,0.56918595,0.31673405,0.00546006199999993,0.3644608,0.73681758,0.52418707,0.00138107465482177,0.00099188158059809,0.000109612541188596,0.00398837824258795,0.00138107465482177,0.00116856504549511,0.00676712287578055,0.010340433896037,0.00099188158059809,0.000632475793752304,0.00417822236164195,0.00589296906381952,0.000109612541188596,0.000122264320242753,0.000538658812224527,0.00192463776413773,0.00398837824258795,0.00509803442712116,0.0356452245931383,0.0286524336311713,0.000399073603330083,0.000404836412292893,0.00276871825236913,0.0057587802224451,0.000279947922644905,0.000360036606698653,0.00218667464339706,0.00480646545597463,2.29140222564574e-05,5.22651969711651e-05,0.000153838911125375,0.000544796956412279,0.00154388524326074,0.00376510136921798,0.0231595603648278,0.0292754023034433
"dance_data_40_corrected",0.36571135221875,0.664282502946429,0.625871266308036,0.583334961924107,0.205242465231051,0.226687725594875,0.333083363000087,0.318289159365864,-0.0697444,0.2765043,-0.1608118,-0.06393335,0.5698958,0.91270211,1.1991598,1.09712555,0.0122045778456528,0.00591503513490651,0.00102124607750729,0.026054643835507,0.0122045778456528,0.0139898952900905,0.0286218744440985,0.0254760974310933,0.00591503513490651,0.00624213289143521,0.0147675360864692,0.0118699018386226,0.00102124607750729,0.00245344650600842,0.00226366065626994,0.00306880128208303,0.026054643835507,0.0336681944485608,0.118217384958824,0.0654871542023655,0.00210572076241656,0.00204136157068471,0.00936461020743873,0.0069142873330927,0.00165785862287056,0.00169410087246805,0.0137745885242897,0.00586768615871401,6.79372166045969e-05,0.000154375728419123,0.000670129432124932,0.000439152245468553,0.0147578968975959,0.0162430257655468,0.110747351935463,0.0345563553642352
"dance_data_41_corrected",-0.100074201736607,0.203319102491072,-0.151663068017857,0.148615572723214,0.252116950494453,0.31018545948357,0.415224417792657,0.373823662524034,-0.734092471,-0.460528669,-0.876619664,-0.56538381,0.12911849,0.47755802,0.22746623,0.76345449,0.0190383502168006,0.00527136465064362,0.00778822676246497,0.0551959573904241,0.0190383502168006,0.0208477555607153,0.0196842188715228,0.0269296973653756,0.00527136465064362,0.00844473501165847,0.0118988077264375,0.0156911489466168,0.00778822676246497,0.00637673207142389,0.00173562473968168,0.00381039711643053,0.0551959573904241,0.0534136189966821,0.0429879425688064,0.115601301230219,0.00213912198400698,0.00200371608816162,0.00269168833391353,0.00370714056225069,0.00283456980758394,0.00234382434184733,0.00219779857911268,0.00463647402954546,0.000283489158743517,0.000243167268767926,1.74897205523467e-05,0.000223419922343739,0.0322200954695328,0.031565953328459,0.0224065551416201,0.0633029455925106
"dance_data_42_corrected",-0.0473445290178572,0.294189790330357,-0.0204445963482143,0.0916455104866071,0.0119782069267535,0.0235783055173088,0.0450812680280989,0.0389930309348837,-0.062022805,0.252564264,-0.106146156,0.0407814639999999,0,0.324330064,0.068727264,0.179997504,0.00300321733183476,0.00360494317870746,0.000147432335750843,0.0264299634478765,0.00300321733183476,0.00451618811926829,0.00701338846756471,0.00691192670798609,0.00360494317870746,0.00417369191243143,0.00614023403221705,0.00787417810845242,0.000147432335750843,0.000246770006029956,0.000303895209570596,0.000198873939418868,0.0264299634478765,0.0311315775500376,0.0227727134943706,0.0491922987483117,0.000879580632301671,0.000741557335154744,0.00162602548472731,0.00166647025450321,0.00145121394592507,0.00135520778842775,0.00124367039570785,0.00233798816125956,2.22415091441917e-05,7.92648072287137e-05,0.000113462726108613,0.000139860272418466,0.0166858379898219,0.0179093870915704,0.00786305650679362,0.0289204205709246
"dance_data_43_corrected",0.0201732135223214,0.294856988589286,-0.01840612434375,0.113854333763393,0.0122629003471739,0.0586012949798121,0.0758177737677671,0.236034451041684,-0.00134086,0.20424534,-0.110039384,-0.17337106,0.042415499,0.38852084,0.164765179,0.74656814,0.0029405246210377,0.00221470885969531,0.000179072992072992,0.014984745146386,0.0029405246210377,0.00743592638152778,0.0102339547487108,0.0190373660173296,0.00221470885969531,0.00496900916796692,0.0101668215482192,0.0147010327643682,0.000179072992072992,0.000260193870027757,0.00041435941526177,0.000519787090186935,0.014984745146386,0.018520901865642,0.0440558968446577,0.0925026567068771,0.00115451734277339,0.00125715859525019,0.002619756820893,0.00658459671861649,0.00150222665648824,0.00136803077498012,0.00219457963369816,0.0116132994480572,5.35869423461194e-05,0.000103924752508789,0.000233152323276134,0.000107598989939542,0.0125652260842271,0.0117027501342616,0.0125979205850856,0.090135408516246
"dance_data_44_corrected",0.134583194370536,0.394245331433036,0.312066236366071,0.312705771888393,0.174696477554452,0.231083862529995,0.557322096928404,0.593685324551608,-0.01711016,0.1780419,-0.142251274,-0.1672163,0.425883958,0.76819313,1.4703827,1.51437903,0.00711492396317081,0.0066653118652822,0.000530244330783168,0.0370537952183568,0.00711492396317081,0.00741735892805206,0.0231083987244887,0.0209755456378405,0.0066653118652822,0.00517131835758671,0.0199636728861592,0.020110454542578,0.000530244330783168,0.000555438667909449,0.000489517627287248,0.00128997735771757,0.0370537952183568,0.035876055126658,0.104235673195911,0.0787364763668861,0.00192977156065282,0.00177295314437353,0.00582625916392376,0.00573314484218328,0.00277246810651508,0.00243954090828175,0.00671217991425753,0.00559449963687141,6.15392779369727e-05,0.000102546220700757,0.000228010142732814,0.000274550481356307,0.0258722875083651,0.02461370297489,0.0502205294499617,0.0363360728695023
"dance_data_45_corrected",-0.172701915825893,0.0888684999151785,-0.05651070975,-0.115918646325893,0.126658575319871,0.158293162716525,0.319808270301548,0.230220852325184,-0.308477462,-0.0996199,-0.325594366,-0.4142027,0.162703037,0.49131966,1.09301364,0.4489755,0.0145572390239015,0.0086052614300333,0.00258879227255899,0.0882410915988118,0.0145572390239015,0.0167159263281971,0.0250031310499234,0.0306818016297972,0.0086052614300333,0.00798206424717047,0.0164337409952744,0.0227992176554188,0.00258879227255899,0.00282061576227213,0.00129110043814882,0.00184489014838815,0.0882410915988118,0.0803049275121616,0.0751532792241745,0.0993480406475397,0.00392640245390371,0.00347715977656575,0.00630929421703921,0.00689997429004278,0.0131337954037316,0.0115500392975711,0.0102159443901429,0.00794727063271288,0.000257350982504354,0.000132343314228865,0.000434759156738563,0.000552909372296057,0.158525594459201,0.141136001893634,0.108002919465501,0.0771933191125585
"dance_data_46_corrected",-0.266541133080357,0.04816193203125,0.273315952875,0.0393668999955357,0.160501902680359,0.183850888317631,0.5243669136915,0.340323922206035,-0.462307632,-0.273604989,-0.484636724,-0.416878149,0.018404782,0.365271631,1.027525011,0.552267971,0.00957204179966141,0.00588017840781151,0.000885855229086683,0.0246575035466385,0.00957204179966141,0.0106187194864137,0.0235515208648107,0.0219300714975422,0.00588017840781151,0.00769614781512029,0.0228146123359559,0.0178693031220462,0.000885855229086683,0.00122713128784176,0.00197885911484482,0.00109625701239517,0.0246575035466385,0.0334936088097373,0.102957675359053,0.103914721342367,0.00196266131465991,0.00183518998828793,0.00518374473014363,0.00599210111100624,0.00176474393504079,0.00176276258926179,0.00503438622861371,0.00650390795451495,7.57317449946728e-05,0.000147250782340663,0.000402493759614606,0.000625488175427971,0.0101661187346914,0.0121487135954039,0.053875145325745,0.0579230611598574
"dance_data_47_corrected",0.16360726909375,0.401633177379464,0.200546563392857,0.283897171517857,0.25838515814466,0.324276634246128,0.403590920348528,0.324316604167958,-0.0632260490000001,0.0206661509999999,-0.185493171,-0.274614796,0.788172601,1.126153231,1.146685361,0.859473941,0.0164116672600092,0.00719502504771122,0.00264128319224269,0.0429994385269155,0.0164116672600092,0.017603764139721,0.0334008790574227,0.0363992376621601,0.00719502504771122,0.0071467023640005,0.0308816217275369,0.0237042452379831,0.00264128319224269,0.00134745229710343,0.00111306842327917,0.00171269171752297,0.0429994385269155,0.0521580272185309,0.254376529088123,0.126907871532348,0.00456501697658518,0.00445394059539532,0.0194726362092306,0.0209609002694261,0.00407015765190693,0.00444976575213379,0.0287738988252695,0.0243111080095824,0.000539795195166736,0.000293497125417543,0.000872137484999348,0.00105787806155507,0.0281218277273324,0.0284432236378813,0.249026131509682,0.138979697540837
"dance_data_48_corrected",0.0122714421428571,0.358316150535714,0.243939578883929,0.207853328035714,0.00229122129113446,0.00153505225677068,0.00342262548677032,0.00103109100570312,-0.00963557000000015,0.34352517,0.24251878,0.19305575,0.0126916099999999,0.35862136,0.27719509,0.21075451,0.000370524494215352,0.00218538561231934,0,0.0290498116076697,0.000370524494215352,0.00046704684518318,0.000826402249171875,0.000753624081125257,0.00218538561231934,0.00267768066461165,0.00487752997739603,0.00515587498936,0,0,0,0,0.0290498116076697,0.0325318380873706,0.039828702196921,0.067041259556821,0.000216906458810617,0.000197553976443641,0.000450997845704922,0.000361406274670395,0.00184000810995524,0.00157577315448893,0.00293470046782383,0.00298191765894054,0,0,0,0,0.0266188907340709,0.0226309181935619,0.0297101110805146,0.0422126429585737
"dance_data_49_corrected",0.324982419151786,0.678658181964286,0.503907329017857,0.454309611964286,0.310931278887795,0.31802621796599,0.262241362472433,0.247155951060912,0,0.34593945,0.23091578,0.1953237,0.63481128,0.99559975,0.76731706,0.70471334,0.00376818380508736,0.0141970337024964,0,0.0655661350630112,0.00376818380508736,0.00344345904534706,0.00310330576283372,0.00262388982579892,0.0141970337024964,0.0131036197742546,0.0114099839413804,0.00951498946524977,0,0,0,0,0.0655661350630112,0.062887725770554,0.0548977623707315,0.0539065922578952,0.00081732213029656,0.000782942115396098,0.000819137655015174,0.000746143647667779,0.00510606532320303,0.00479045015718397,0.00391961280306785,0.00390773177281393,0,0,0,0,0.0613129036771392,0.0586473338784254,0.0350402773343049,0.04936300150436
"dance_data_5_corrected",-0.166576391660714,0.159339628758929,0.368012548200893,0.07391433590625,0.106888866968634,0.134248018920709,0.183074849399218,0.189316406121764,-0.3289291,-0.0467674,-0.0277215000000001,-0.283991134,0,0.35287508,0.70934089,0.40406617,0.0032280241971863,0.00133625888013734,0.000449018779257939,0.00783375614007148,0.0032280241971863,0.0030744936951749,0.00753680943733485,0.0104722816329956,0.00133625888013734,0.00130177857261425,0.00504943381784212,0.00658435475541981,0.000449018779257939,0.000677303528791208,0.000547115491522513,0.0016297337215119,0.00783375614007148,0.00823625029739096,0.0271415908974546,0.0344447949911059,0.000475009937215728,0.000467037561164677,0.00268058487960714,0.00548769003441574,0.000453433094350058,0.000437491908073993,0.00212655113529852,0.00507781349633444,4.68349763803993e-05,7.34957790693996e-05,0.000213918390938351,0.000461429063716125,0.00494108916742495,0.00446091949414652,0.0141913765734714,0.0227883262066949
"dance_data_50_corrected",0.00371728642857138,0.362305562321429,0.139298189642857,0.517091408973214,0.00172046323229413,0.00115938245577222,0.00382263690530336,0.178712699737082,-0.000281809999999938,0.35958243,0.13142634,0.0627048100000001,0.00589537999999989,0.36394954,0.14515925,0.65137887,0.000216813547820796,0.000184445055791815,3.10463073489227e-05,0.00115165418998064,0.000216813547820796,0.000285829851744772,0.000815973344845719,0.0050926355275514,0.000184445055791815,0.000207057034090137,0.000527678379584191,0.00505192278271591,3.10463073489227e-05,1.44322174320757e-05,5.70275161652621e-05,0.00018919288807991,0.00115165418998064,0.000896172307092413,0.00320183646557747,0.0214522001709337,7.00671291895465e-05,0.000107761347203678,0.000503563933467726,0.0011310376698343,7.66190107749911e-05,0.000118482988613106,0.000483290569856734,0.00113747087043823,5.72148582132413e-06,8.04152348777239e-06,3.36542865025035e-05,8.34956921040807e-05,0.000530781927066316,0.000748692238572895,0.00377802434313315,0.00681249763596281
"dance_data_51_corrected",-5.286781249999e-05,0.358451785357143,0.129673780401786,0.613042786473214,0.00082950323590875,0.00101468540411039,0.00289568690019328,0.0294440586933182,-0.00154947999999999,0.35641837,0.12184417,0.5370574,0.00172185999999996,0.36042424,0.13401824,0.66507888,0.00022958336382096,0.000112359788490005,4.97322360243723e-05,0.000759947042497055,0.00022958336382096,0.000361720972425032,0.00142114801417447,0.00396969189554919,0.000112359788490005,0.00023630672796368,0.00101253086492224,0.00272890986019587,4.97322360243723e-05,6.66232099194341e-05,0.000104050870251153,0.000353268452313523,0.000759947042497055,0.00127396787891203,0.00533967326137079,0.0161992672503485,7.85744925606222e-05,0.000122337865473908,0.000771720498806864,0.00136036888617345,5.34813478029575e-05,8.74058343680521e-05,0.000819517611915936,0.00134013333103259,1.12591740368636e-05,7.05950423179764e-06,3.27259010570249e-05,0.000141733439949822,0.000307514882891219,0.000424326102072193,0.0048584791016425,0.00726669552079829
"dance_data_52_corrected",0.00283338227678574,0.361301778526786,0.267687534508929,0.630021462991071,0.00164937158900442,0.00134909721255473,0.130707170559906,0.0221573025531572,-0.000427240000000051,0.35806798,0.12593245,0.5422225,0.00574564,0.36447376,0.43826222,0.66614627,0.000354120067219894,0.000174058315530173,2.11555855505909e-05,0.000983409428112366,0.000354120067219894,0.000431900521658983,0.00508151229889039,0.00345284741677112,0.000174058315530173,0.000223396061966023,0.00524816947516938,0.00231731716655298,2.11555855505909e-05,9.45991865717609e-05,0.000272849188014046,0.0005166609616566,0.000983409428112366,0.00163566153494554,0.0202879012266054,0.0187530827053343,0.000113691099333675,0.000153185824740049,0.00185021786663157,0.00145771494059888,8.39165697715102e-05,0.000136330629266091,0.00211263944507135,0.00195924415003378,1.83098743854827e-05,1.00468751360272e-05,8.14470545821781e-05,0.000105127215315715,0.000555894895911322,0.000895569615440526,0.019129715310806,0.0184205694627527
"dance_data_53_corrected",0.00266161058035723,0.358582034776786,0.661347240401786,0.6491819434375,0.00412183591995633,0.00481456349178237,0.213518160492748,0.0214856470549984,-0.00428366999999996,0.35039711,0.33700776,0.58677268,0.0115149000000001,0.37029814,0.96914944,0.68428564,0.00042576954454633,0.000185211828834254,9.89351327894057e-05,0.00113998036040111,0.00042576954454633,0.000783732035920234,0.00765162492219891,0.00406828538170895,0.000185211828834254,0.000516351842536763,0.00423788209682196,0.00368665132586538,9.89351327894057e-05,5.25510580293328e-05,0.000404644269574582,0.000118357661771673,0.00113998036040111,0.00257473410265968,0.0294047356437321,0.0234127560801419,0.000143497689976779,0.000218083246189366,0.00225262602886872,0.00209472296956,0.000113307455239383,0.000194439297116857,0.00226268096468489,0.00285154921271245,1.96504885430768e-05,1.37291514666469e-05,9.3739646895765e-05,4.9314080140365e-05,0.000843112195144053,0.00157605656065942,0.019498760198086,0.0233853083895798
"dance_data_54_corrected",-0.0457660733928572,0.308436894598214,0.859011000669643,0.530248068705357,0.0411657329749421,0.0459543987855387,0.108271477988986,0.0772038048490121,-0.15449333,0.18808723,0.58899856,0.31483493,0.00615392999999997,0.36391354,1.01265293,0.66431093,0.00258132037626612,0.0015542562639136,0.000418135327973776,0.00620923368674457,0.00258132037626612,0.00233692226845091,0.00681287380542906,0.00551752008205027,0.0015542562639136,0.00133691386110502,0.00473550978634299,0.00436958756535294,0.000418135327973776,0.000157334895684263,0.00121455320665701,0.000444180543698419,0.00620923368674457,0.00546240020767424,0.0258773848632121,0.0270619933342131,0.000380685217898241,0.000377256562153789,0.00173094745325697,0.00234986435255285,0.000262277157626379,0.000236730927225792,0.00120796383828122,0.00258593732504693,5.7613759641363e-05,4.89742830466959e-05,6.6591372564938e-05,0.000197722817095252,0.0012980562993565,0.00130276269661806,0.00764861749664598,0.0162100464197172
"dance_data_55_corrected",-0.311987919375,-0.00300549370535722,0.286838509375,0.144253104642857,0.166761448766913,0.16297475651622,0.167021696558701,0.143834675204051,-0.54317797,-0.27955068,-0.0104254500000001,-0.08121384,0,0.34136641,0.7284466,0.45662982,0.0048286354510949,0.00251024819164225,0.000862024269031767,0.0131486623083945,0.0048286354510949,0.00467878146047136,0.00842161878088147,0.00726581488080346,0.00251024819164225,0.00213617229295748,0.0048062008739878,0.00485917492006503,0.000862024269031767,0.000823337734407724,0.00122895624478655,0.000646970560767808,0.0131486623083945,0.0118505972219501,0.0314083314269639,0.0258602275853707,0.000803750502402363,0.000808188799130245,0.00211516642539967,0.00364857905088703,0.000638171323867214,0.000606167659966081,0.0015766804237804,0.00376730577184672,6.41358316383917e-05,3.89598485621247e-05,0.000238211712558295,6.93759187319779e-05,0.00442481442843657,0.00407405144069169,0.0193147120099268,0.0251023560031281
"dance_data_56_corrected",-0.158696369316964,0.185728953169643,0.333776709821429,0.242660270803571,0.0480058321661705,0.0243676776251253,0.183048817923579,0.13848718075875,-0.185300943,0.16652215,0.08733499,0.000675690000000007,0,0.26382369,0.55899024,0.44700069,0.00269487247963397,0.00330152837498027,3.22170248315133e-05,0.0210981511412405,0.00269487247963397,0.0046813710168277,0.00845694679994144,0.00798439443123718,0.00330152837498027,0.00360320521078968,0.0060836424908214,0.00511892248905258,3.22170248315133e-05,7.45071338866729e-05,0.000547812903645181,0.00117149742897713,0.0210981511412405,0.0186038805405271,0.0230124074999141,0.0299731000690769,0.000727807696293558,0.000711464985975713,0.00188786405183936,0.00306968120163141,0.00118433844347739,0.00105332314242063,0.00159799594839011,0.00403151249641152,4.0756103837126e-05,3.95149161710352e-05,0.000100210269434059,0.000145552140485534,0.0122097559815145,0.0113643986913655,0.0148109101289457,0.0306326037830108
"dance_data_57_corrected",-0.0074829692053572,0.351105754678571,0.2696683741875,0.218652629678571,0.00761472680699861,0.00883345401239264,0.0162500687035834,0.0205586760916874,-0.0186651950000001,0.336842297,0.244338517,0.172325037,0.00673293699999999,0.366996887,0.316985127,0.258051637,0.00144657879540858,0.00107379379129852,0.000152324320517269,0.00642628488654361,0.00144657879540858,0.00302507830549634,0.00334618230454741,0.00267578326789666,0.00107379379129852,0.00173077797723097,0.002311169059107,0.00193221092098104,0.000152324320517269,0.000281775657039397,0.000329209331732801,0.000376714901484123,0.00642628488654361,0.00793201434871382,0.0167331950927399,0.00994733790839542,0.000626738686633248,0.000570697363498211,0.00119856996957512,0.000908901981342217,0.000761435559723969,0.000594172649693026,0.0016824916912478,0.000811784576452169,2.38207695927171e-05,4.46157494611768e-05,6.29890863563081e-05,8.16685631069112e-05,0.00536778699230404,0.00425453525961411,0.0155074150146887,0.00491636418014351
"dance_data_58_corrected",0.000419830084821485,0.347027779508929,0.271034525758929,0.25276233625,0.0210157088046729,0.0166179703349724,0.10147448576488,0.036020558146751,-0.0190534999999999,0.29843929,0.05056921,0.18729892,0.0683414000000001,0.37066522,0.42791238,0.34606865,0.00333259072647573,0.00389111238167956,2.56229779692871e-05,0.0143648865212642,0.00333259072647573,0.00520924347597594,0.00766043064990858,0.00603868446150535,0.00389111238167956,0.00522377618736562,0.0129018129074442,0.00690214024956229,2.56229779692871e-05,0.000240559042648976,0.000208450288318047,0.00029759839263664,0.0143648865212642,0.0210846902836275,0.0694243822106424,0.0246918708331426,0.00100235924940506,0.000970902250426081,0.002090814343722,0.00145666485169699,0.00118381592410207,0.000999472890246422,0.00245630965024104,0.00134851027165827,1.75280439582614e-05,2.80925915498683e-05,0.000115503119006224,6.91778902542389e-05,0.00662892285921559,0.00525365427231372,0.0139072027345042,0.010385044288211
"dance_data_59_corrected",0.166885694361607,0.362065108080357,0.222743026919643,0.111239868758929,0.27043607264061,0.128596242714819,0.249317833818576,0.245569070141827,-0.075041418,0.15872836,0.0102458000000001,-0.196746711,0.64725165,0.63706386,0.86344194,0.43800103,0.00873131105397866,0.00864621462133119,0.00128713082695636,0.0417015260242597,0.00873131105397866,0.00990932803787986,0.0181489985978822,0.0150266680814795,0.00864621462133119,0.00611984852213061,0.0161393423219886,0.00926600718908178,0.00128713082695636,0.000653051068293909,0.00109831307931774,0.00254859023591949,0.0417015260242597,0.0281239264513277,0.0529394612599496,0.0382052231509817,0.00138622684897641,0.00114579055082973,0.00268324653032058,0.00211701945093798,0.00137067303076064,0.00102654764552174,0.00235812599990255,0.00180231814400445,5.57938831784612e-05,5.81937281845642e-05,8.88046062995829e-05,0.000281094856764906,0.00784270978175903,0.00566312926855827,0.0145313685016376,0.0198122421718216
"dance_data_6_corrected",0.190900618986607,0.511387313272321,0.372732634709821,0.762636401625,0.159358922511368,0.19954785810639,0.0551701883067049,0.640760903592855,-0.030601855,0.238625053,0.2633487,-0.0914953000000001,0.33735764,0.69415474,0.47641635,1.48546672,0.00771019089753601,0.0104985674105324,0.000282963871059517,0.0463415775566909,0.00771019089753601,0.00753921835833892,0.0159654382552626,0.0212693699111153,0.0104985674105324,0.0086086648796023,0.0171679000944047,0.0298215621058111,0.000282963871059517,0.00030052634596655,0.00023171887887906,0.00153470969935325,0.0463415775566909,0.0307749080249113,0.0723198546160044,0.124064195698974,0.000913437383203189,0.000928754793721883,0.00308909530468732,0.00625181889200113,0.00126745597752246,0.00115334157113649,0.00336131063900297,0.00771609727583399,4.77386827636128e-05,2.85415748688434e-05,3.83632151774246e-05,2.80593726940228e-05,0.00732800609467801,0.00814807942900098,0.0188996047061074,0.0352646872120675
"dance_data_60_corrected",0.185773559910714,0.498731914107143,0.932884249330357,0.604742426116071,0.116725452175601,0.158451824114638,0.626798608808475,0.542674497328782,0,0.10377928,-0.37066916,-0.45772031,0.31163284,0.654629,1.4694986,1.17253086,0.00622345742383667,0.0060913704446661,0.000320098257102246,0.0294826669387726,0.00622345742383667,0.00788001725324322,0.0187586921851046,0.0237013984837809,0.0060913704446661,0.00837989417244337,0.0277431359362813,0.0324966018779944,0.000320098257102246,0.000432743220513299,0.000175244776241894,0.000573068739158154,0.0294826669387726,0.0386720027158951,0.158673974208052,0.173278973225229,0.000802951413648646,0.00101671783066224,0.00353407808577623,0.0043789346144812,0.00136427480430963,0.00190250713271979,0.00679144700397745,0.00880123360852586,2.43762712489817e-05,2.07632415581036e-05,4.74702032853344e-05,2.43484003588858e-05,0.0164205724454693,0.0238473881769388,0.0634004663502679,0.074132249070705
"dance_data_61_corrected",0.109511908973214,0.427646178883929,0.1125145003125,0.121126975803571,0.0745428551865459,0.141351003363236,0.264978130205673,0.144283171908022,-0.0696722400000001,0.06039762,-0.53658688,-0.26338244,0.17143941,0.53035476,0.33353221,0.24297676,0.00480437682007383,0.00362038702882662,0.000557855979084363,0.0192468952107632,0.00480437682007383,0.00751745399558898,0.0141951094416481,0.00918746867748143,0.00362038702882662,0.00621075110465745,0.00985347558580199,0.00747920424569692,0.000557855979084363,0.000319943752712757,0.000668104966902496,0.000447448306958229,0.0192468952107632,0.0330516169657252,0.0499764243557182,0.0599862393718977,0.0010501889569603,0.00125022809509389,0.00223817678593676,0.00231784301563646,0.0014932682998255,0.00187685161861285,0.00210828677287102,0.00316423144660324,8.89645997008919e-06,4.17599090029957e-05,0.000140607974880679,0.000122396923980832,0.0117881306341418,0.0222452770029351,0.0131123735010941,0.0379944902594654
"dance_data_62_corrected",-0.0465852070982142,0.284425978303572,-0.0284587077232142,0.0946078999107144,0.0718958713202788,0.097972931709508,0.169181007254977,0.127234459434919,-0.20034123,0.0799081300000002,-0.41821683,-0.30117309,0.0397846700000002,0.40171718,0.19841409,0.27026176,0.00660876085608047,0.00398769083062677,0.00111134153904183,0.0179403184749823,0.00660876085608047,0.00797678103974377,0.015335931577922,0.0113192732603814,0.00398769083062677,0.00464543929467319,0.00804190016100714,0.00722000175085311,0.00111134153904183,0.00149268338454596,0.00334333871036109,0.00251948623026609,0.0179403184749823,0.0229024421661314,0.046520813783253,0.0339333890271307,0.00128625152024916,0.00130553423433323,0.00283614973061273,0.00244499405254287,0.0010924793919837,0.00104720721780538,0.00195408586102255,0.00240118544489148,7.54243866402962e-05,8.65511530833741e-05,0.000523429288442814,0.000148407722507854,0.00683633840105165,0.00796669624714039,0.016393551752256,0.0178750144665537
"dance_data_63_corrected",0.0554399801785713,0.354197954017857,0.163477765267857,-0.0526937845535715,0.0692723439327482,0.151005638045865,0.164986676004244,0.26029152543454,-0.11103606,-0.0238117,-0.18075466,-0.64919138,0.12167966,0.47942716,0.46553874,0.20959592,0.00418529756346804,0.00388695108860845,0.000240716525398697,0.0213150819320637,0.00418529756346804,0.00664609508670179,0.00755538388543873,0.012606123893453,0.00388695108860845,0.00608166293348198,0.00509162774006977,0.0105443473198136,0.000240716525398697,0.00071841261472785,0.00122177282082252,0.00198595560134189,0.0213150819320637,0.0320046005343121,0.0355657944988186,0.052127769140735,0.000741125670578242,0.000868249078178004,0.00144258597489306,0.00229279166940835,0.000950057462776062,0.00106211389638364,0.0016419354394877,0.00234672086446669,2.07146373367651e-05,3.46188676876942e-05,7.89068539486044e-05,8.5764037335129e-05,0.00853554116314217,0.0058628269596251,0.0182811607788155,0.0149418314629567
"dance_data_64_corrected",0.00955289924107151,0.362689269642857,0.158221534375,0.0561056503125001,0.0131009073526857,0.00926967050032112,0.0301711769386998,0.01267587784367,-0.01236558,0.34696436,0.11024284,0.0231107500000001,0.02957082,0.37831688,0.21403885,0.08339286,0.00378244973034413,0.0022199893849479,0.00030342550107061,0.0129434893971835,0.00378244973034413,0.00523248893538197,0.00501160865155893,0.00600110631016566,0.0022199893849479,0.0030653907736706,0.00288209208174521,0.00369063192635835,0.00030342550107061,0.000924945205620105,0.000459938605250891,0.000475234324517677,0.0129434893971835,0.0150304743932886,0.013971430232596,0.0351810191859102,0.000515990808382283,0.000620194950489301,0.000937265159391344,0.00218810266686424,0.000602778547893836,0.000488636846588582,0.00103082341409841,0.00342248994478514,3.43835556626911e-05,8.20329324113735e-05,6.1516561997376e-05,8.15299540047296e-05,0.00595760265879668,0.00298275537288966,0.00703594812357928,0.0266522956072545
"dance_data_65_corrected",0.0172015682142856,0.369522543169643,0.162173925625,0.0642204173660713,0.0204707167714907,0.0158183378525691,0.0431569859380029,0.0161826455632505,-0.0176916100000002,0.33797789,0.0940029599999999,0.0346896699999999,0.0488474399999999,0.3922956,0.24916268,0.10132241,0.00502221955708985,0.00281799978872426,0.000510989012993484,0.0125300756335504,0.00502221955708985,0.00650363263019882,0.00680844717312463,0.0075340394849093,0.00281799978872426,0.00371686927355448,0.00327533627748406,0.0055093139595196,0.000510989012993484,0.000482976997071139,0.00126310081822469,0.00107803064566852,0.0125300756335504,0.0174555044882839,0.0155808384047873,0.0538166564419177,0.000782709570469409,0.00088458780892032,0.00121697942437814,0.00332383821962115,0.00101995390103974,0.000886922359872456,0.00120736298789272,0.00600552695415776,1.47392978124393e-05,4.55929863029655e-05,4.43402401884377e-05,9.38061394580119e-05,0.00791515570564457,0.00799995551363877,0.0091872591749774,0.05031514530875
"dance_data_66_corrected",-0.0272983860714286,0.2226921340625,0.29542399340625,0.241372280857143,0.117596262993388,0.248960330140333,0.553973668409823,0.646283408031872,-0.26873529,-0.28267754,-0.858879511,-0.89518456,0.11763036,0.47568035,1.14918923,1.12776351,0.010360730760579,0.00802730531142163,0.000338118503043049,0.0342122679633564,0.010360730760579,0.0166989676925531,0.0397241658833388,0.0428968907270892,0.00802730531142163,0.0132194938171648,0.0346647458360195,0.0323411646599627,0.000338118503043049,0.000805133808506657,0.00318011490279863,0.00148883503320541,0.0342122679633564,0.0535243687541375,0.147776804734605,0.163674077296444,0.00221567500193657,0.00272752087880594,0.00915869411868167,0.00764187535244963,0.00197695236280221,0.00208515438120279,0.00956287358483602,0.00637431802495755,7.20025784263685e-05,0.000173289857753238,0.000258088845361225,0.000299668670701059,0.0153880675138827,0.0118689169333387,0.0592302633666975,0.0376335491069522
"dance_data_67_corrected",0.0092277559375,0.330494250133929,0.0720092079464286,0.296065599285714,0.0642081820015521,0.113092042058051,0.142181543384736,0.308732669148832,-0.09811112,0.11711359,-0.24695301,-0.15064312,0.13371349,0.48301188,0.48124588,0.74694062,0.00630943236502038,0.00471826934337073,0.00122211721770044,0.0209936044183557,0.00630943236502038,0.00852164964283845,0.0210278317930408,0.0180720556480159,0.00471826934337073,0.00584478646263735,0.0192839899842686,0.013121431638795,0.00122211721770044,0.0010004293201421,0.00226911331330092,0.00237726784197741,0.0209936044183557,0.0299493783600696,0.195197763225785,0.0903330397500008,0.00142873768977863,0.0017806587382294,0.00812156754038972,0.00436652033263282,0.00183121079591569,0.00294452651289032,0.021174379738182,0.00574327661099603,6.572455629316e-05,6.27073608117068e-05,0.000378802165384151,0.000332749260555582,0.0186341163396419,0.0272453685439412,0.201476659521254,0.0355735445294118
"dance_data_68_corrected",0.0763359879910715,0.394074858035714,0.333556530357143,0.329477612366071,0.090103275626189,0.15108037119276,0.465370430210556,0.441183732874442,-0.10261763,-0.0493067599999999,-0.67373018,-0.64208782,0.22860193,0.57973718,1.23295682,1.16294282,0.00802924082951268,0.00547758659301774,0.000283058507556288,0.0293690309529243,0.00802924082951268,0.0121045058263622,0.0339039202567815,0.0351201333919658,0.00547758659301774,0.00929864902036719,0.0310422705983871,0.0298224989671807,0.000283058507556288,0.0004263280573687,0.000619958301419794,0.000706989498224927,0.0293690309529243,0.045494864338645,0.122936904430259,0.132672560901361,0.00167427572035169,0.00218994078828139,0.00865191874840007,0.00937800541766818,0.00134759438510665,0.00196105831717787,0.00889680387848629,0.00977897281954316,8.63130934442127e-05,0.000129988933759474,0.000147407869871473,0.000209180574863286,0.00839376921703879,0.0138153800661474,0.0533554883740243,0.0535099622673429
"dance_data_69_corrected",-0.0254297238839287,0.2517579,0.232996092892857,-0.0674031366205358,0.074128854188009,0.186150741008779,0.535862730493445,0.341988054538844,-0.22537851,-0.24155247,-0.85081148,-0.82887563,0.0621962599999999,0.40405317,1.17778417,0.47721863,0.00632628931711521,0.00551947115534131,0.000100556611915921,0.0202843245680845,0.00632628931711521,0.0115559564678028,0.0297986419903848,0.0231296964746262,0.00551947115534131,0.00960926937217826,0.0300193216235352,0.0201429905572239,0.000100556611915921,0.000380502364513173,0.000282006923673995,0.00161596413582718,0.0202843245680845,0.0410953106412703,0.127102314388888,0.0967496047363254,0.00120838209089418,0.0018202843955242,0.00588713760002551,0.00518281160272572,0.000846332219156672,0.00142295298012366,0.00586472075880722,0.00485647975378303,6.92739056210061e-05,0.000267933940739348,0.000233401313192749,0.000779727425001518,0.00452335840760981,0.00854092160897784,0.033872511456196,0.0402263110202129
"dance_data_7_corrected",-0.0996885051294643,0.24373219490625,-0.0677612926964286,-0.0131263490803571,0.116871687993816,0.127446023911399,0.136382092022318,0.189911633858268,-0.330060602,-0.021526453,-0.382501185,-0.41376859,0.00186694700000001,0.353260457,0.104273737,0.219402727,0.00561374467359027,0.0056762574681075,0.000317801636864495,0.0252964761730957,0.00561374467359027,0.00642718564286132,0.00794097582983221,0.0110815009142449,0.0056762574681075,0.00589885591830685,0.00892435581078477,0.0118554802781177,0.000317801636864495,0.000319930123877116,0.000282970625683876,0.000862706408705753,0.0252964761730957,0.0263210924426137,0.0400383023047709,0.0552947588970546,0.000878609755989949,0.000793294175490513,0.00201463349061362,0.00254979910242726,0.00115756794518552,0.000991231150103107,0.0023719086053477,0.00392346709335779,3.08829241005659e-05,2.24406437732049e-05,4.96215844568474e-05,2.06465240902591e-05,0.00608917814298902,0.00678196487305274,0.0125496929813511,0.0193295837193493
"dance_data_70_corrected",-0.0243244541071429,0.307792071160714,0.339129647544643,0.493866108928571,0.0684229667580642,0.078917680480703,0.283604559888133,0.403341434950055,-0.10520327,0.15615476,-0.31341588,-0.31738412,0.12790132,0.46971929,0.95410502,1.14504421,0.0181855968265701,0.0118068446523083,0.000615444598724929,0.0449098715045064,0.0181855968265701,0.0237355278003609,0.0515565322925819,0.0648733478818177,0.0118068446523083,0.0127640438191738,0.0360008660815493,0.0378861408071607,0.000615444598724929,0.000710033634836984,0.001840658424206,0.00435585574382343,0.0449098715045064,0.0488316362005016,0.136526346485768,0.166248980071991,0.0028032980669051,0.00342141721886005,0.0109264291008344,0.0145931386393248,0.00181049113955652,0.00227450712523266,0.00971230046785409,0.013514834339521,9.26171307047677e-05,0.000109886074186101,0.000178302833685144,0.000363860007557853,0.014008369687658,0.0227328850466061,0.0605055819233965,0.109395788107101
"dance_data_71_corrected",0.0691924209375,0.397490337008929,0.657586511875,0.319260682544643,0.0724043473229799,0.094259952649475,0.442711771110227,0.28531420683548,-0.0706162400000001,0.12975908,-0.44416356,-0.21553731,0.23396957,0.5600276,1.2431173,0.92821169,0.0186750766974034,0.00783984377271925,0.00116237529107378,0.0413471719469147,0.0186750766974034,0.0227962494384633,0.0654596373861781,0.06004252463242,0.00783984377271925,0.01062701125881,0.0337916244255435,0.0339290338067693,0.00116237529107378,0.00247344644241628,0.00926776868751081,0.00628313755152614,0.0413471719469147,0.0520447981542298,0.276593832179038,0.1733549938808,0.00326854545334935,0.00352005367494531,0.0136648368147467,0.0115908137911588,0.00158209338224015,0.00186443615976828,0.0123202706717887,0.00961571720071519,0.000625509788093182,0.000464594764606266,0.00280129491689159,0.00180432088313059,0.0108891918838496,0.0146605069671962,0.160430305905897,0.0753712581665479
"dance_data_72_corrected",0.0942789912053572,0.450718256651786,0.293149324866071,0.145983054508929,0.0264465682072041,0.0315091337778468,0.155507402004098,0.0447555620078458,-0.00293993999999986,0.33694315,0.12360811,-0.0218185199999998,0.11506128,0.47333813,0.81253279,0.24970817,0.00645525188239784,0.00831319310318156,0.000191171191344318,0.031976251252405,0.00645525188239784,0.00644011784471155,0.0137995758361297,0.0134351617588645,0.00831319310318156,0.00831234187662603,0.0189207259219964,0.0187083337254187,0.000191171191344318,3.39040779260753e-05,0.00025585333552588,0.000418155224527996,0.031976251252405,0.0357596725460686,0.079047253352951,0.0708842858413111,0.00137258574451886,0.00140822352385124,0.00352799228667387,0.00341787456877757,0.00170104436341593,0.00186167187517022,0.0045857376066805,0.00404405368079989,7.74726403292951e-06,1.56088500531081e-05,7.59907343045788e-05,4.31846708911319e-05,0.0167077174672253,0.0205009139521719,0.0260411292402709,0.0270729407929391
"dance_data_73_corrected",-0.0258891947767857,0.331990135535714,0.139638480044643,0.0211667769196429,0.0343967243044209,0.0357252421162527,0.0209583305206739,0.0340558487582088,-0.0755333899999999,0.2794112,0.11652696,-0.0299080599999999,0.00248921000000002,0.36428416,0.16994918,0.05537152,0.00155547537543667,0.0033035634782528,4.27805423060963e-05,0.0208132955446875,0.00155547537543667,0.00153678359526278,0.00414262217772098,0.00306567671732864,0.0033035634782528,0.0037149540824933,0.00912928548244789,0.00455237840595317,4.27805423060963e-05,2.00520373027482e-05,8.14891710598827e-05,9.64944003558622e-05,0.0208132955446875,0.0207651435961135,0.051589873066909,0.0236965125051703,0.000385569934459709,0.000424335820516508,0.000969602889243665,0.000751629908278339,0.00121360488648145,0.00142395765048517,0.00283094784616293,0.00209890941409444,5.75639644324843e-06,2.70780353789187e-06,2.06219809912727e-05,2.57507378538661e-05,0.0108512748534213,0.0149997064704546,0.0329113031575388,0.021922455295421
"dance_data_74_corrected",0.00344083517857143,0.359602267946429,0.235698832008929,0.0532821278125,0.00163648943135489,0.0016199548063115,0.00587150018085157,0.00636473085256925,-0.00193821999999999,0.35503817,0.22537356,0.03682041,0.00619792999999991,0.36524296,0.24955956,0.0653810500000001,0.00142406732412943,0.00145066481260735,0.000146009465789864,0.0070697992918891,0.00142406732412943,0.00131926419488194,0.00190013885414033,0.00281714295844576,0.00145066481260735,0.00110555700802272,0.00169851625571064,0.00173215300420012,0.000146009465789864,7.46829498614619e-05,0.000136091620976281,0.000222092631350056,0.0070697992918891,0.00550689944219995,0.0089203319943821,0.00866469356117095,0.000320567335544089,0.000346410676353623,0.000891472401733341,0.00113936981132665,0.000444637011807822,0.000266733858909734,0.0006849612495917,0.000788545049590946,1.35751095760555e-05,2.68884231592299e-05,7.85854401262889e-05,8.50289127298344e-05,0.00512810277979022,0.00158204244585974,0.00372045372239676,0.00456207758945397
"dance_data_75_corrected",8.27484375000635e-05,0.355790341205357,0.231630668794643,0.0492495467857144,0.000567963518698941,0.00055096767864712,0.00252489123236797,0.0018007412088032,-0.00099073999999999,0.35499657,0.22449768,0.0446868,0.00135123999999998,0.35724032,0.23579061,0.0535214000000002,0.000254986834796361,0.000168577605205574,6.65469007545638e-06,0.000803317756868059,0.000254986834796361,0.000320897334297212,0.000631321738034721,0.000733755887018395,0.000168577605205574,0.00021770536912244,0.000412011736567037,0.000452179084213248,6.65469007545638e-06,1.28219538291639e-05,3.35803052396839e-05,2.12942292659633e-05,0.000803317756868059,0.000908273109862989,0.00287052424912192,0.00211545526459457,8.60146942467198e-05,0.000135872587795094,0.000445836184347255,0.000510192236191739,6.64469095751288e-05,0.000104745384640338,0.000362034475198496,0.000389959368407797,2.51087634029851e-06,6.97298358008499e-06,2.693346802639e-05,2.10844018177201e-05,0.000376891610148305,0.000622653347295621,0.00264063870008703,0.00222963328608139
"dance_data_76_corrected",-7.74410267857953e-05,0.356023300133928,0.235500924553571,0.0445527969642856,0.00069095695220685,0.000703623987418264,0.003058365051333,0.00253920052806,-0.00177457000000003,0.354332,0.22925041,0.0366172599999999,0.00116739999999993,0.35740421,0.2417476,0.04945753,0.000262140279044751,0.000133511955331017,1.01280254743624e-05,0.000648304000373602,0.000262140279044751,0.000313158065056534,0.00060853527915614,0.000857574649512802,0.000133511955331017,0.000181468427541818,0.000348196226942743,0.000482674183143231,1.01280254743624e-05,4.11691547155263e-05,1.7017858267088e-05,6.70581486471571e-05,0.000648304000373602,0.00119808655455191,0.00219209457542352,0.00283800242942081,0.000131912893851428,0.000213204780852428,0.00055470740437897,0.000712842031233837,9.21346437030603e-05,0.000161801910254573,0.000352068222822574,0.000519511321009194,1.06727784577561e-05,1.64634504286347e-05,3.91931639444182e-05,2.44631355304329e-05,0.000548200076705738,0.00107167891502071,0.00199660301134215,0.00270059789044907
"dance_data_77_corrected",0.000252334419642846,0.356046544776786,0.230738613482143,0.0495917322767857,0.000340888175474208,0.000514279928182885,0.000932371863244419,0.00172361858742586,-0.000363920000000073,0.35528135,0.22829199,0.0448884899999999,0.000927329999999893,0.35699708,0.23307371,0.05366158,0.000154641650413152,0.000103665463262928,1.31995643867145e-05,0.000498447933690149,0.000154641650413152,0.000199115148234988,0.000412511213740456,0.000564618223962939,0.000103665463262928,0.000136709589886655,0.000272643876211899,0.000397380256117667,1.31995643867145e-05,1.25806120678606e-05,2.77371537831114e-05,4.36373784728861e-05,0.000498447933690149,0.000732436058369535,0.00152454218928214,0.00230396591281212,6.77508379620993e-05,0.000108528586235622,0.000329887873804203,0.000429147785156012,5.67063312881823e-05,9.51613324731902e-05,0.000247911414121725,0.000443839194970549,1.16361505651631e-06,6.18741464622709e-06,1.39438481063958e-05,3.95526332887195e-05,0.000386934344171747,0.000493594210055034,0.00159307923889599,0.0030934395808716
"dance_data_78_corrected",-0.000594017946428466,0.3555208453125,0.231143558973214,0.0459968137500001,0.000469245208324684,0.000449342749965966,0.00149370390883243,0.00187976716329902,-0.00181506999999992,0.35455656,0.22788381,0.0410792800000002,0.000129810000000008,0.35652208,0.23405265,0.0508962800000001,0.000261906023413525,0.000203834534250996,3.75081324511482e-05,0.000958060546312353,0.000261906023413525,0.000292232051673907,0.000527336015989813,0.000736463656465713,0.000203834534250996,0.000227576141626032,0.000349494346863759,0.000482688145948279,3.75081324511482e-05,9.45594521925307e-06,2.39281716811827e-05,6.47719260171546e-05,0.000958060546312353,0.0015032735090133,0.00161871652978514,0.00298293426084128,9.93977446997309e-05,0.000142093253211721,0.000407508872474284,0.000551801935029872,8.74296258561093e-05,0.000141181820714405,0.000339451600037698,0.000431961718810982,8.10827355318388e-06,8.41214598139636e-06,3.88509987001359e-05,1.98361412577824e-05,0.000512297024099317,0.000963439939486297,0.00210742805319621,0.00231538205434863
"dance_data_79_corrected",9.85919642855889e-06,0.356851536205357,0.229900918214286,0.0477336686160714,0.000517839632902639,0.000715068188824326,0.00176836423312809,0.00131854694174907,-0.00154483000000005,0.35463596,0.22599399,0.04415703,0.00106979000000007,0.3581121,0.2327025,0.0500121099999999,0.000370335286850876,0.0003639409366602,2.36976813209114e-05,0.00177534704089137,0.000370335286850876,0.000441562763591933,0.000690469916001743,0.000741902713772983,0.0003639409366602,0.000380601689457766,0.000463722211592733,0.000481328927134319,2.36976813209114e-05,2.17603975148245e-05,8.87346685343394e-05,7.40888081968332e-05,0.00177534704089137,0.00152318347919699,0.00323872412125558,0.00255706929646012,0.000106169457948671,0.000166204669285289,0.000452308862213137,0.000492220970236483,0.000102280959895995,0.000163470367049467,0.00039061688046822,0.000413455258867358,4.22242821164261e-06,6.02216738412725e-06,3.36113150590806e-05,3.73980801649344e-05,0.000593550780472673,0.00139724027314594,0.00251584300724475,0.00227818992173641
"dance_data_8_corrected",0.127663170566964,0.466885981892857,0.114740299580357,0.213430049736607,0.103047958226539,0.118806285442985,0.165019689321843,0.216120518166371,-0.0342021379999999,0.2613281,-0.155532,-0.125468233,0.2838883,0.62585523,0.4352937,0.564505,0.00705824381055256,0.00494952478255396,0.0016327885339841,0.0252594894437504,0.00705824381055256,0.00752283716837044,0.0124265438593864,0.0138146441154448,0.00494952478255396,0.00475646533537557,0.0110338612337215,0.0104547301572896,0.0016327885339841,0.00290903838593338,0.00382785181596786,0.00179960851946917,0.0252594894437504,0.0246611475178728,0.0688378894662461,0.0500243174560272,0.00124443505811973,0.00106965852496732,0.00335804866181269,0.00369845950375813,0.00162935995544791,0.00146155216025019,0.00407129181254355,0.00495306051109244,8.86136574631447e-05,8.47722269729649e-05,0.000166784401183082,2.61761973747171e-05,0.0160158385130334,0.018470499253228,0.0421147905524007,0.034069125319367
"dance_data_80_corrected",-0.00094595058035717,0.355390913616071,0.232261243571429,0.0427213917857143,0.00164259770450196,0.00170842471999933,0.00632231158027232,0.00461812806864887,-0.00405585000000008,0.35215781,0.21147442,0.0315010600000001,0.00352895999999991,0.35903526,0.24186206,0.05666316,0.0022041234974603,0.00271054414372458,0.000104539600630153,0.0104327313828021,0.0022041234974603,0.00239892596172884,0.00335953323660378,0.00260258429117614,0.00271054414372458,0.00255470295189191,0.00285444747729864,0.00235384704994753,0.000104539600630153,0.000120947143000637,0.000272107439626371,0.000225686974812644,0.0104327313828021,0.0105799871363626,0.0141824574283095,0.0121992737316856,0.000378766247682703,0.000459250948177477,0.00125208872921684,0.00142892301082091,0.000571089954927509,0.00072480813966011,0.00127504271970339,0.00143618263299342,3.40081887194264e-05,3.26032268342594e-05,9.94540255598739e-05,0.000103252224189573,0.00684195224015056,0.0086914662406523,0.00847240570724747,0.00901634861935232
"dance_data_81_corrected",0.00107874718750009,0.358126895758929,0.234385587232143,0.0390206416071429,0.00112838420142944,0.000981211261812647,0.00295944184151365,0.00279043179158479,-0.00121199999999999,0.35668731,0.2282052,0.0326644200000001,0.00460802999999999,0.36101723,0.24062586,0.04546165,0.000381112145397905,0.000238422865301051,2.00230267445316e-05,0.00136241953714673,0.000381112145397905,0.00040313805844753,0.00117271000447457,0.00108954296649783,0.000238422865301051,0.000232218525667703,0.00107235925360961,0.000842653565053173,2.00230267445316e-05,4.81356198671475e-05,7.60971799735484e-05,1.91328879159971e-05,0.00136241953714673,0.00173744179467959,0.00685201131500124,0.00485476800304622,0.000191722440607205,0.000240243007718995,0.000790611408825217,0.00102186230487005,0.00022237826642227,0.000246813975877528,0.00108170271441289,0.00112031258512316,5.30099990671332e-06,2.15555027781328e-05,4.18628713778724e-05,2.80120884616078e-05,0.00193896015608917,0.00197207803560099,0.00793603415340448,0.00705688425142494
"dance_data_82_corrected",-0.000489891249999997,0.354495702723214,0.234974027544643,0.0394803213392857,0.000521862275058636,0.000728552668920527,0.00274998692181281,0.00357029209102176,-0.00149380999999993,0.3532573,0.22502458,0.0336464599999999,0.00090801000000007,0.35637128,0.23896038,0.0489572300000001,0.000433325439254947,0.000304021405611027,4.94501769476672e-06,0.00195619947188389,0.000433325439254947,0.000478530893975603,0.000729211710721725,0.001129854386187,0.000304021405611027,0.000289744023456076,0.000475410114727552,0.000883313798223547,4.94501769476672e-06,1.70117165510059e-05,5.48800665090512e-05,0.000121969813478338,0.00195619947188389,0.00195175504139192,0.00423801328116126,0.00475903849734351,0.000158851555560202,0.000216993093439306,0.000596439268684666,0.00105720808073423,0.000179543223417838,0.000211566917206307,0.000681103662096001,0.00112704848081478,5.49717200072965e-06,9.2157365414919e-06,2.79801983550663e-05,3.55662775669189e-05,0.00146995631666367,0.0010991827437243,0.0054110723457364,0.00632890418449345
"dance_data_83_corrected",-0.0164704109375,0.335769102544643,0.231451833348214,0.0584711780803571,0.0135429253763559,0.0158537260439239,0.0706105430321945,0.0342757069263661,-0.04815817,0.30270183,0.06107247,-0.01545978,0.00173390000000007,0.35793868,0.37021868,0.13230729,0.0118402047167913,0.0072774596354435,0.00065197821604728,0.0283325231408341,0.0118402047167913,0.011644340969148,0.0152257980255124,0.0120047409254327,0.0072774596354435,0.00684587863783019,0.0102313811265304,0.00804359000476921,0.00065197821604728,0.000761939002413923,0.00120453379367238,0.000535010240368685,0.0283325231408341,0.0236923334411473,0.0843520800684777,0.0485174055496166,0.00170744735518409,0.00148986138124807,0.00439162718080821,0.00340950524635729,0.00156141705571841,0.00124616804618017,0.00834145664342388,0.00551216411536157,3.95020569079062e-05,4.05060748524237e-05,6.55076743601652e-05,0.000124846509362924,0.00941939587124831,0.00930806118547721,0.0743960272171099,0.0535667905112223
"dance_data_84_corrected",-0.0422562786607143,0.288866849419643,0.0940586191517857,0.310282685401786,0.15430488493218,0.194038990811184,0.220993334459405,0.332961032535418,-0.52544868,-0.2839518,-0.3874346,-0.38148188,0.0444578,0.39422906,0.44770038,0.90201748,0.00876783817303696,0.0065286408006826,0.00027703593701835,0.0459417572261601,0.00876783817303696,0.010033032958155,0.0203122396085483,0.0223474735591524,0.0065286408006826,0.00698599840701461,0.0138239952611762,0.0105282785893792,0.00027703593701835,0.000939355541263095,0.00317798557866442,0.00339103315774172,0.0459417572261601,0.0444752328639129,0.0656365685444547,0.0630287210677827,0.00134833476542743,0.00122161778656685,0.00695047428625614,0.00388799247960218,0.00173580348954336,0.0015733269470498,0.00896113174207616,0.00260295441262974,0.0001313359113107,0.000139181444883871,0.000580184447395958,0.000544969096555287,0.0202258492007847,0.0209671131269084,0.0560485859422569,0.0285975466669957
"dance_data_85_corrected",-0.0314015701339286,0.250897732589286,0.0774153661294642,0.184833756741071,0.0824066310517308,0.12598608873568,0.200374478482197,0.368219181462978,-0.11737132,-0.0254480800000001,-0.34147906,-0.33604132,0.15311301,0.50391913,0.40096712,0.88827253,0.00960875699229482,0.00598555458868737,0.000833275202618948,0.0237717349327016,0.00960875699229482,0.0117064346234502,0.0161856644132796,0.0245295606523584,0.00598555458868737,0.00661497809921495,0.0107758659958434,0.0143091875629947,0.000833275202618948,0.000614916652887796,0.00283948303076444,0.000566520110855638,0.0237717349327016,0.025770340053529,0.0803736632966178,0.0568140118682044,0.00215118028535644,0.00202085907464224,0.00637649429825634,0.00689289975425774,0.00185678955684914,0.00167048340505152,0.009067728114016,0.00525532975746878,0.000105906397351369,0.000116383229461649,0.000352335272715993,0.000966656129810053,0.00988266400261598,0.0113235576960778,0.0561471827844788,0.0352447240047355
"dance_data_86_corrected",0.321502649736607,0.621141410848214,0.421798901915179,0.536535687808036,0.316550160614735,0.352672305246851,0.390006476268957,0.536335922200646,-0.065462445,0.24829575,-0.1100702,-0.141850268,0.714379,1.055532,0.97505757,1.41327759,0.00919610028312018,0.00793313501052328,0.000534813456917488,0.0369333077267661,0.00919610028312018,0.0109134247604259,0.018283044580943,0.0263374100041687,0.00793313501052328,0.00835178418425046,0.014947509815137,0.0169253501119822,0.000534813456917488,0.000446283013792909,0.00269248282601684,0.00653145278345493,0.0369333077267661,0.0491499915814692,0.0952671001665287,0.116633555175655,0.00286627605182664,0.00276034790732721,0.00579532060162102,0.0100598382865038,0.00325556480355321,0.00356570121471863,0.00703839509043997,0.0130089057431776,0.000117055392869967,0.000183474930167915,0.000153292854692828,0.00060993739924723,0.0215116250087111,0.0291706175945315,0.0585653746997272,0.109460254980063
"dance_data_87_corrected",-0.359970107232143,-0.0330751552232143,-0.079719556875,-0.194395617611607,0.282165754511628,0.299456718606134,0.324944182714011,0.357770194889481,-0.73290312,-0.43303716,-0.72113597,-0.75892841,0.0116772700000001,0.36810208,0.52748204,0.44432736,0.0111713244474547,0.00679331462310388,0.000763364297108381,0.0295177773512843,0.0111713244474547,0.0135982207360073,0.0252125465587061,0.0170256752697166,0.00679331462310388,0.00672431852236377,0.0136847780899083,0.00992582452087051,0.000763364297108381,0.00195765773303203,0.00242012638771244,0.00233710892591679,0.0295177773512843,0.029973268314843,0.0847497115931529,0.0485173976643944,0.0025447500388918,0.00203413709371326,0.00590156061813739,0.00622935802151743,0.00243490691843549,0.00210128811299352,0.00543844155923804,0.00591219032403526,0.000121171100514254,0.000254279658841014,0.00020658965947064,0.000179411429959674,0.0172549110859057,0.0183686971348758,0.033400440156738,0.037539107380604
"dance_data_88_corrected",-0.148552392366072,0.172867043705357,0.22452479375,0.125246266651786,0.116413683712643,0.147895713965631,0.307309881497167,0.246438062004411,-0.50788402,-0.34874844,-0.71455371,-0.78015293,0,0.35551715,0.94620014,0.51280187,0.00929296776281969,0.00567310203334288,7.4786871174079e-05,0.0246248702673089,0.00929296776281969,0.0114701618447487,0.0282457249080716,0.025900152237123,0.00567310203334288,0.00600596632856521,0.0149472879282639,0.0202190248960939,7.4786871174079e-05,0.00167502795200593,0.000746305930969776,0.00261711627714519,0.0246248702673089,0.0300857942509367,0.0919003358499793,0.0814879430273492,0.00185693948247237,0.00161737723575513,0.00536490908442356,0.0072952981167289,0.00171481843606286,0.0012647910119979,0.00550286745529898,0.00573605567084065,0.000140826747814109,0.00013376966808596,0.000718812172198196,0.000563285018885481,0.0141654306863179,0.0144566467642358,0.066288551317419,0.0301543549481815
"dance_data_89_corrected",0.331124281964286,0.610331477589286,0.358791988941964,0.256276381959821,0.191955800379896,0.294056726130827,0.537574696550353,0.379924622075084,-0.0392963900000001,0.10943318,-0.40065853,-0.37161533,0.50665856,0.86153531,1.24831224,0.59241188,0.0120123737810252,0.00740526258487467,0.0016648618444173,0.0390953055890419,0.0120123737810252,0.0115582473138243,0.0198970509626146,0.0168238507829961,0.00740526258487467,0.00773033973046803,0.012301225022018,0.0137303624323366,0.0016648618444173,0.000707199430217155,0.00213819204394696,0.00164604991038049,0.0390953055890419,0.0422806233949286,0.0903008640940771,0.0595551240125464,0.00184640687018162,0.00168663677670647,0.00468393286304125,0.00421242817369821,0.00177689716215799,0.00190565159464222,0.00495527641300904,0.00450175160669136,0.000250302071305658,8.60021133458487e-05,0.000221369888894491,0.000246568797092634,0.020875610353007,0.0243311454541004,0.0550825210964879,0.0354836230995517
"dance_data_9_corrected",0.220200627410714,0.551405942861607,0.660453062151786,0.782198027133928,0.0864381254164503,0.0896882517358917,0.486816574233594,0.44451329348806,-0.00521266500000006,0.295184767,-0.129759333,-0.089280963,0.298868967,0.629863167,1.178854707,1.271445167,0.00395858759340715,0.00278044612646565,0.000493568336500771,0.0118476307085165,0.00395858759340715,0.00520368427539718,0.0159006485581727,0.0166282897571568,0.00278044612646565,0.00335180176104742,0.0208943331618831,0.0191606459862028,0.000493568336500771,0.000638923348852683,0.000776747317187625,0.00143152346981843,0.0118476307085165,0.0153114823092684,0.107954282830986,0.103181464199958,0.000550463692706546,0.000533109240341761,0.00305388061625863,0.0028367628420112,0.00075840643495023,0.000660876760917468,0.00490935424808297,0.00513778115011409,8.17172650066685e-06,3.26561271586795e-05,4.71147850360646e-05,5.73293148749198e-05,0.00646066027132697,0.0061894085887236,0.0274311843136625,0.0319092271566048
"dance_data_90_corrected",-0.428435337558036,-0.169935158794643,-0.51266422465625,-0.456489176013393,0.297089781434559,0.335633793016246,0.378198527231618,0.336323156121647,-0.822830503,-0.56401718,-0.912972395,-0.896689598,0,0.35575509,0.13266356,0.0711319400000001,0.0143402287450199,0.00834608701089864,0.000255157804693643,0.0319965085200123,0.0143402287450199,0.0175458434617398,0.018272210616195,0.0187168507763441,0.00834608701089864,0.0093781475608914,0.0148230379792969,0.0122907005176426,0.000255157804693643,0.000919196255703804,0.000588714054273624,0.000551897872980189,0.0319965085200123,0.0352976768909513,0.0757106751110186,0.0455331551062586,0.00189441912761423,0.00190295395843938,0.00369316608644018,0.00421572992866661,0.0017835714296333,0.00203467441573223,0.00433771187241475,0.00453419880797753,3.92353759899895e-05,6.5032604130456e-05,0.000304024349682526,0.000334500446337565,0.0162853393141624,0.0184488584729136,0.0417396320660848,0.0341757873299949
"dance_data_91_corrected",-0.0113868443392858,0.317636639910714,0.206825712227679,0.161243174732143,0.0201948365146763,0.0218366582040267,0.278488128960676,0.0209550588991113,-0.0276080000000001,0.29021753,0.041260258,0.11110784,0.0341634,0.35861315,0.9517714,0.18726613,0.00166463083618436,0.00198163788683603,4.45226739987318e-05,0.0201424762696544,0.00166463083618436,0.00421571547681259,0.015304456091615,0.00434747619998385,0.00198163788683603,0.0039420753194545,0.0196554712542261,0.00417758856350549,4.45226739987318e-05,3.18079879903067e-05,2.56559720147676e-05,0.000112784149595385,0.0201424762696544,0.015410020066048,0.0706337932472136,0.0255636005759811,0.000789191557916196,0.000754387876940401,0.00280188995472139,0.00203108176922347,0.00175147045028887,0.000920412489414275,0.00310540464308623,0.00296875193917868,1.11131858625831e-05,1.1642358009259e-05,2.05275035016387e-05,1.94015798324108e-05,0.0186789464885894,0.00868096185482338,0.0168561659870113,0.0253801388478523
"dance_data_92_corrected",-0.00471479575446428,0.194438518616071,-0.00422135008928571,0.0118133848571429,0.0266872887553401,0.0745496116197535,0.121898701900365,0.121469778295899,-0.027757652,0.11800682,-0.120398469,-0.0890185,0.1545391,0.44052111,0.49623954,0.50846016,0.00289382859137629,0.00277007372414464,0.000277258400639432,0.0159691368731185,0.00289382859137629,0.00697921954169139,0.017622402246171,0.0126199583386872,0.00277007372414464,0.006643863834255,0.0192830686989607,0.0149626385813706,0.000277258400639432,0.000324180357980076,0.000202483805278578,0.000363909322358984,0.0159691368731185,0.0239736151588304,0.0808292330030727,0.072017251343803,0.00115528274795339,0.0012824251228718,0.00382087014668093,0.00348870847648948,0.00127299587094363,0.0013115004017965,0.00410858041442118,0.00390700966168794,6.53788922829194e-05,7.76919519639469e-05,0.000377054446996743,9.59979921670217e-05,0.00817373782295428,0.00948858622263674,0.0447658699083735,0.0405060755697937
"dance_data_93_corrected",-0.0428871303883929,0.282774334151786,0.463376978571429,0.318426396267857,0.15734256355234,0.163068248099991,0.361550939066797,0.440945248833132,-0.189251541,0.13012909,0.0484737200000001,-0.16759841,0.25005829,0.57330209,1.27502465,1.26529265,0.00851041201165486,0.00696953126080062,0.000190665444431102,0.063836720692244,0.00851041201165486,0.0097780868993374,0.0200954508664981,0.0204752620646187,0.00696953126080062,0.00658405195204542,0.016227733983959,0.0189221278039209,0.000190665444431102,0.000652654867675479,0.000985012592305106,0.000200262109496779,0.063836720692244,0.0492498336109938,0.152293912028756,0.148192067835216,0.00318188093053604,0.00269406535589093,0.00467455258044746,0.00498243255910625,0.00794397788924343,0.00646414277298779,0.0071926117093949,0.00876380243763226,3.00352940561219e-05,2.89412404702751e-05,7.33327600741874e-05,0.000194183730007941,0.085561488044251,0.073867078855789,0.0886520838783404,0.0855536889695877
"dance_data_94_corrected",0.112250150691964,0.424750610491071,0.388044352022321,0.465230230995536,0.14592541326168,0.17449844636823,0.304953350089091,0.521599445432327,-0.0789481670000001,0.23410651,0.0132177999999999,-0.0785751,0.3960198,0.74709353,0.91625461,1.2854763,0.00877070614881557,0.00503172136883677,0.000665022200794129,0.0313547443638438,0.00877070614881557,0.009133178626595,0.0193439583981396,0.0226553776589354,0.00503172136883677,0.00467053403443266,0.0165657486525612,0.0248214007984396,0.000665022200794129,0.000929080132658009,0.00174199913449906,0.000336279149173628,0.0313547443638438,0.033606574604836,0.120805677838878,0.112576977569403,0.00236567160610422,0.00210805246414432,0.00576068378168715,0.00525612053567184,0.00229534660343293,0.00216135455422429,0.00802407609092928,0.00599773377170581,0.000215381455710665,7.18947849285862e-05,0.000444740978660878,0.000258940553339559,0.0157181589741194,0.0139729714985753,0.0693842432150255,0.0539503786939236
"dance_data_95_corrected",-0.0915672649866071,0.189418706964286,0.169885015401786,0.113966799629464,0.0589708739442553,0.130182046631088,0.245762489994891,0.395744471664693,-0.17187667,-0.03060698,-0.0896595699999999,-0.242749512,0.0133205700000001,0.37116957,0.58121848,0.83202112,0.00776935449686396,0.00529807580843584,0.000382869327197717,0.0217042963432293,0.00776935449686396,0.0100127659337816,0.0162870275305846,0.0166131499930463,0.00529807580843584,0.00461076115691063,0.0126014352363195,0.0178111563200257,0.000382869327197717,0.000496178480085651,0.0012246458994339,0.000904669869621053,0.0217042963432293,0.0241491266813311,0.0611537579152169,0.0885902561144495,0.00197734452527765,0.00182815945755102,0.00457860447120517,0.00467885346838783,0.00176759130291522,0.0015589897365536,0.0040684093656546,0.00360931893753006,0.000157577979743505,0.000223131649256308,0.000288778268744816,0.000483555693342979,0.010947475897512,0.00980683986376965,0.0349970139506969,0.0195333892930182
"dance_data_96_corrected",0.224022346334821,0.404225946625,0.186505338888393,0.179137538017857,0.31278988128553,0.426921564595556,0.382829488055739,0.428540188113155,-0.108895004,-0.165085495,-0.339156807,-0.260703858,0.785721122,1.136671242,0.893656192,1.025951092,0.0148397730123279,0.00889260893115063,0.000640920081930417,0.0347111591407564,0.0148397730123279,0.0176413821821265,0.0201237630900863,0.0222559790019905,0.00889260893115063,0.00617558904877968,0.0111745912974452,0.0135442357522232,0.000640920081930417,0.00205970647352948,0.0016609807090869,0.00197181031270715,0.0347111591407564,0.0319884848867365,0.0552275701000589,0.0646997483076143,0.00316378764722281,0.00306642507380567,0.00654623189648776,0.00589846595652839,0.00262849761729904,0.00257077890023436,0.0061152075690558,0.00437971105609464,0.000237483998652143,0.000376630416986688,0.000689306363890462,0.000575048883396648,0.0164460689799627,0.0145648271807323,0.0349860494996202,0.0262271625664118
"dance_data_97_corrected",0.00664750174107138,0.360782789107143,0.230300548973214,0.0745335268303571,0.0186027205940128,0.0200547980706907,0.122147032039073,0.0469155464756985,-0.0423675800000001,0.30969059,0.0385376200000001,-0.0178958300000001,0.02320754,0.37919104,0.38763773,0.19800078,0.0147993402942537,0.0128901976374269,0,0.041469925633041,0.0147993402942537,0.0153662490290923,0.0178513149496954,0.0177290094294126,0.0128901976374269,0.0129796202713357,0.0197694788903835,0.0187376712482482,0,0,0,0,0.041469925633041,0.0424551997386245,0.0895537449444909,0.0588886242242171,0.0021481836265298,0.00205957854342612,0.00497994360257326,0.00363467443356932,0.00357820773956344,0.00382209765529413,0.00851204144902945,0.00544505600783279,0,0,0,0,0.0355600274951666,0.0372899102953317,0.0637207501391261,0.0363613182936043
"dance_data_98_corrected",0,0.35613394,0.3231187,0.0611732,0,0,0,0,0,0.35613394,0.3231187,0.0611732,0,0.35613394,0.3231187,0.0611732,0,0,0,0,0,0,0,0,0,0,0,0,0,0,0,0,0,0,0,0,0,0,0,0,0,0,0,0,0,0,0,0,0,0,0,0
"dance_data_99_corrected",0,0.35613394,0.3231187,0.0611732,0,0,0,0,0,0.35613394,0.3231187,0.0611732,0,0.35613394,0.3231187,0.0611732,0,0,0,0,0,0,0,0,0,0,0,0,0,0,0,0,0,0,0,0,0,0,0,0,0,0,0,0,0,0,0,0,0,0,0,0
